solid WZ_ESP_LAN_Housing_top
   facet normal -1.000000e+000 0.000000e+000 0.000000e+000
      outer loop
         vertex 1.300000e+000 4.299999e+000 0.000000e+000
         vertex 1.300000e+000 1.300000e+000 0.000000e+000
         vertex 1.300000e+000 4.299999e+000 9.999999e-001
      endloop
   endfacet
   facet normal -1.000000e+000 0.000000e+000 0.000000e+000
      outer loop
         vertex 1.300000e+000 4.299999e+000 9.999999e-001
         vertex 1.300000e+000 1.300000e+000 0.000000e+000
         vertex 1.300000e+000 1.300000e+000 3.000000e+000
      endloop
   endfacet
   facet normal -1.000000e+000 0.000000e+000 0.000000e+000
      outer loop
         vertex 1.300000e+000 4.299999e+000 9.999999e-001
         vertex 1.300000e+000 1.300000e+000 3.000000e+000
         vertex 1.300000e+000 3.360000e+001 9.999999e-001
      endloop
   endfacet
   facet normal -1.000000e+000 0.000000e+000 0.000000e+000
      outer loop
         vertex 1.300000e+000 3.360000e+001 9.999999e-001
         vertex 1.300000e+000 1.300000e+000 3.000000e+000
         vertex 1.300000e+000 3.660000e+001 3.000000e+000
      endloop
   endfacet
   facet normal -1.000000e+000 0.000000e+000 0.000000e+000
      outer loop
         vertex 1.300000e+000 3.360000e+001 9.999999e-001
         vertex 1.300000e+000 3.660000e+001 3.000000e+000
         vertex 1.300000e+000 3.360000e+001 0.000000e+000
      endloop
   endfacet
   facet normal -1.000000e+000 0.000000e+000 0.000000e+000
      outer loop
         vertex 1.300000e+000 3.360000e+001 0.000000e+000
         vertex 1.300000e+000 3.660000e+001 3.000000e+000
         vertex 1.300000e+000 3.660000e+001 0.000000e+000
      endloop
   endfacet
   facet normal 1.000000e+000 0.000000e+000 0.000000e+000
      outer loop
         vertex 2.810000e+001 3.360000e+001 0.000000e+000
         vertex 2.810000e+001 3.660000e+001 0.000000e+000
         vertex 2.810000e+001 3.360000e+001 9.999999e-001
      endloop
   endfacet
   facet normal 1.000000e+000 0.000000e+000 0.000000e+000
      outer loop
         vertex 2.810000e+001 3.360000e+001 9.999999e-001
         vertex 2.810000e+001 3.660000e+001 0.000000e+000
         vertex 2.810000e+001 3.660000e+001 3.000000e+000
      endloop
   endfacet
   facet normal 1.000000e+000 0.000000e+000 0.000000e+000
      outer loop
         vertex 2.810000e+001 3.360000e+001 9.999999e-001
         vertex 2.810000e+001 3.660000e+001 3.000000e+000
         vertex 2.810000e+001 4.299999e+000 9.999999e-001
      endloop
   endfacet
   facet normal 1.000000e+000 0.000000e+000 0.000000e+000
      outer loop
         vertex 2.810000e+001 4.299999e+000 9.999999e-001
         vertex 2.810000e+001 3.660000e+001 3.000000e+000
         vertex 2.810000e+001 1.300000e+000 3.000000e+000
      endloop
   endfacet
   facet normal 1.000000e+000 0.000000e+000 0.000000e+000
      outer loop
         vertex 2.810000e+001 4.299999e+000 9.999999e-001
         vertex 2.810000e+001 1.300000e+000 3.000000e+000
         vertex 2.810000e+001 4.299999e+000 0.000000e+000
      endloop
   endfacet
   facet normal 1.000000e+000 0.000000e+000 0.000000e+000
      outer loop
         vertex 2.810000e+001 4.299999e+000 0.000000e+000
         vertex 2.810000e+001 1.300000e+000 3.000000e+000
         vertex 2.810000e+001 1.300000e+000 0.000000e+000
      endloop
   endfacet
   facet normal -1.294570e-016 -1.000000e+000 0.000000e+000
      outer loop
         vertex 2.690000e+001 1.300000e+000 0.000000e+000
         vertex 2.810000e+001 1.300000e+000 0.000000e+000
         vertex 2.690000e+001 1.300000e+000 3.000000e+000
      endloop
   endfacet
   facet normal -1.294570e-016 -1.000000e+000 0.000000e+000
      outer loop
         vertex 2.690000e+001 1.300000e+000 3.000000e+000
         vertex 2.810000e+001 1.300000e+000 0.000000e+000
         vertex 2.810000e+001 1.300000e+000 3.000000e+000
      endloop
   endfacet
   facet normal -1.294570e-016 -1.000000e+000 0.000000e+000
      outer loop
         vertex 2.500000e+000 1.300000e+000 3.000000e+000
         vertex 1.300000e+000 1.300000e+000 3.000000e+000
         vertex 2.500000e+000 1.300000e+000 0.000000e+000
      endloop
   endfacet
   facet normal -1.294570e-016 -1.000000e+000 0.000000e+000
      outer loop
         vertex 2.500000e+000 1.300000e+000 0.000000e+000
         vertex 1.300000e+000 1.300000e+000 3.000000e+000
         vertex 1.300000e+000 1.300000e+000 0.000000e+000
      endloop
   endfacet
   facet normal 0.000000e+000 0.000000e+000 -1.000000e+000
      outer loop
         vertex 2.810000e+001 4.299999e+000 0.000000e+000
         vertex 2.810000e+001 1.300000e+000 0.000000e+000
         vertex 2.690000e+001 1.300000e+000 0.000000e+000
      endloop
   endfacet
   facet normal 0.000000e+000 0.000000e+000 -1.000000e+000
      outer loop
         vertex 2.500000e+000 3.540000e+001 0.000000e+000
         vertex 2.500000e+000 1.300000e+000 0.000000e+000
         vertex 1.300000e+000 4.299999e+000 0.000000e+000
      endloop
   endfacet
   facet normal 0.000000e+000 0.000000e+000 -1.000000e+000
      outer loop
         vertex 1.300000e+000 4.299999e+000 0.000000e+000
         vertex 2.500000e+000 1.300000e+000 0.000000e+000
         vertex 1.300000e+000 1.300000e+000 0.000000e+000
      endloop
   endfacet
   facet normal 0.000000e+000 0.000000e+000 -1.000000e+000
      outer loop
         vertex 2.820000e+001 3.360000e+001 0.000000e+000
         vertex 2.820000e+001 4.299999e+000 0.000000e+000
         vertex 2.810000e+001 3.360000e+001 0.000000e+000
      endloop
   endfacet
   facet normal 0.000000e+000 0.000000e+000 -1.000000e+000
      outer loop
         vertex 2.810000e+001 3.360000e+001 0.000000e+000
         vertex 2.820000e+001 4.299999e+000 0.000000e+000
         vertex 2.810000e+001 4.299999e+000 0.000000e+000
      endloop
   endfacet
   facet normal 0.000000e+000 0.000000e+000 -1.000000e+000
      outer loop
         vertex 2.810000e+001 3.360000e+001 0.000000e+000
         vertex 2.810000e+001 4.299999e+000 0.000000e+000
         vertex 2.690000e+001 3.540000e+001 0.000000e+000
      endloop
   endfacet
   facet normal 0.000000e+000 0.000000e+000 -1.000000e+000
      outer loop
         vertex 2.690000e+001 3.540000e+001 0.000000e+000
         vertex 2.810000e+001 4.299999e+000 0.000000e+000
         vertex 2.690000e+001 1.300000e+000 0.000000e+000
      endloop
   endfacet
   facet normal 0.000000e+000 0.000000e+000 -1.000000e+000
      outer loop
         vertex 1.200000e+000 4.299999e+000 0.000000e+000
         vertex 1.200000e+000 3.360000e+001 0.000000e+000
         vertex 1.300000e+000 4.299999e+000 0.000000e+000
      endloop
   endfacet
   facet normal 0.000000e+000 0.000000e+000 -1.000000e+000
      outer loop
         vertex 1.300000e+000 4.299999e+000 0.000000e+000
         vertex 1.200000e+000 3.360000e+001 0.000000e+000
         vertex 1.300000e+000 3.360000e+001 0.000000e+000
      endloop
   endfacet
   facet normal 0.000000e+000 0.000000e+000 -1.000000e+000
      outer loop
         vertex 1.300000e+000 4.299999e+000 0.000000e+000
         vertex 1.300000e+000 3.360000e+001 0.000000e+000
         vertex 2.500000e+000 3.540000e+001 0.000000e+000
      endloop
   endfacet
   facet normal 0.000000e+000 0.000000e+000 -1.000000e+000
      outer loop
         vertex 2.500000e+000 3.540000e+001 0.000000e+000
         vertex 1.300000e+000 3.360000e+001 0.000000e+000
         vertex 1.300000e+000 3.660000e+001 0.000000e+000
      endloop
   endfacet
   facet normal 0.000000e+000 0.000000e+000 -1.000000e+000
      outer loop
         vertex 2.500000e+000 3.540000e+001 0.000000e+000
         vertex 1.300000e+000 3.660000e+001 0.000000e+000
         vertex 2.690000e+001 3.540000e+001 0.000000e+000
      endloop
   endfacet
   facet normal 0.000000e+000 0.000000e+000 -1.000000e+000
      outer loop
         vertex 2.690000e+001 3.540000e+001 0.000000e+000
         vertex 1.300000e+000 3.660000e+001 0.000000e+000
         vertex 2.810000e+001 3.660000e+001 0.000000e+000
      endloop
   endfacet
   facet normal 0.000000e+000 0.000000e+000 -1.000000e+000
      outer loop
         vertex 2.690000e+001 3.540000e+001 0.000000e+000
         vertex 2.810000e+001 3.660000e+001 0.000000e+000
         vertex 2.810000e+001 3.360000e+001 0.000000e+000
      endloop
   endfacet
   facet normal -1.294570e-016 -1.000000e+000 0.000000e+000
      outer loop
         vertex 2.440000e+001 1.300000e+000 3.000000e+000
         vertex 2.320000e+001 1.300000e+000 3.000000e+000
         vertex 2.440000e+001 1.300000e+000 0.000000e+000
      endloop
   endfacet
   facet normal -1.294570e-016 -1.000000e+000 0.000000e+000
      outer loop
         vertex 2.440000e+001 1.300000e+000 0.000000e+000
         vertex 2.320000e+001 1.300000e+000 3.000000e+000
         vertex 2.320000e+001 1.300000e+000 0.000000e+000
      endloop
   endfacet
   facet normal 0.000000e+000 0.000000e+000 -1.000000e+000
      outer loop
         vertex 6.200000e+000 2.830000e+001 3.000000e+000
         vertex 2.320000e+001 2.830000e+001 3.000000e+000
         vertex 6.200000e+000 1.300000e+000 3.000000e+000
      endloop
   endfacet
   facet normal 0.000000e+000 0.000000e+000 -1.000000e+000
      outer loop
         vertex 6.200000e+000 1.300000e+000 3.000000e+000
         vertex 2.320000e+001 2.830000e+001 3.000000e+000
         vertex 2.320000e+001 1.300000e+000 3.000000e+000
      endloop
   endfacet
   facet normal 0.000000e+000 0.000000e+000 -1.000000e+000
      outer loop
         vertex 9.869700e-001 9.045936e-002 3.000000e+000
         vertex 1.300000e+000 1.300000e+000 3.000000e+000
         vertex 1.239528e+000 2.278760e-002 3.000000e+000
      endloop
   endfacet
   facet normal 0.000000e+000 0.000000e+000 -1.000000e+000
      outer loop
         vertex 1.239528e+000 2.278760e-002 3.000000e+000
         vertex 1.300000e+000 1.300000e+000 3.000000e+000
         vertex 2.500000e+000 1.300000e+000 3.000000e+000
      endloop
   endfacet
   facet normal 0.000000e+000 0.000000e+000 -1.000000e+000
      outer loop
         vertex 1.239528e+000 2.278760e-002 3.000000e+000
         vertex 2.500000e+000 1.300000e+000 3.000000e+000
         vertex 1.500000e+000 0.000000e+000 3.000000e+000
      endloop
   endfacet
   facet normal 0.000000e+000 0.000000e+000 -1.000000e+000
      outer loop
         vertex 9.869700e-001 9.045936e-002 3.000000e+000
         vertex 7.499996e-001 2.009608e-001 3.000000e+000
         vertex 5.358188e-001 3.509316e-001 3.000000e+000
      endloop
   endfacet
   facet normal 0.000000e+000 0.000000e+000 -1.000000e+000
      outer loop
         vertex 2.440000e+001 1.300000e+000 3.000000e+000
         vertex 2.440000e+001 2.950000e+001 3.000000e+000
         vertex 2.690000e+001 1.300000e+000 3.000000e+000
      endloop
   endfacet
   facet normal 0.000000e+000 0.000000e+000 -1.000000e+000
      outer loop
         vertex 2.320000e+001 1.300000e+000 3.000000e+000
         vertex 2.790000e+001 0.000000e+000 3.000000e+000
         vertex 6.200000e+000 1.300000e+000 3.000000e+000
      endloop
   endfacet
   facet normal 0.000000e+000 0.000000e+000 -1.000000e+000
      outer loop
         vertex 6.200000e+000 1.300000e+000 3.000000e+000
         vertex 2.790000e+001 0.000000e+000 3.000000e+000
         vertex 1.500000e+000 0.000000e+000 3.000000e+000
      endloop
   endfacet
   facet normal 0.000000e+000 0.000000e+000 -1.000000e+000
      outer loop
         vertex 6.200000e+000 1.300000e+000 3.000000e+000
         vertex 1.500000e+000 0.000000e+000 3.000000e+000
         vertex 5.000000e+000 1.300000e+000 3.000000e+000
      endloop
   endfacet
   facet normal 0.000000e+000 0.000000e+000 -1.000000e+000
      outer loop
         vertex 5.000000e+000 1.300000e+000 3.000000e+000
         vertex 1.500000e+000 0.000000e+000 3.000000e+000
         vertex 2.500000e+000 1.300000e+000 3.000000e+000
      endloop
   endfacet
   facet normal 0.000000e+000 0.000000e+000 -1.000000e+000
      outer loop
         vertex 5.000000e+000 1.300000e+000 3.000000e+000
         vertex 2.500000e+000 1.300000e+000 3.000000e+000
         vertex 5.000000e+000 2.950000e+001 3.000000e+000
      endloop
   endfacet
   facet normal 0.000000e+000 0.000000e+000 -1.000000e+000
      outer loop
         vertex 5.000000e+000 2.950000e+001 3.000000e+000
         vertex 2.500000e+000 1.300000e+000 3.000000e+000
         vertex 2.500000e+000 3.540000e+001 3.000000e+000
      endloop
   endfacet
   facet normal 0.000000e+000 0.000000e+000 -1.000000e+000
      outer loop
         vertex 5.000000e+000 2.950000e+001 3.000000e+000
         vertex 2.500000e+000 3.540000e+001 3.000000e+000
         vertex 2.440000e+001 2.950000e+001 3.000000e+000
      endloop
   endfacet
   facet normal 0.000000e+000 0.000000e+000 -1.000000e+000
      outer loop
         vertex 2.440000e+001 2.950000e+001 3.000000e+000
         vertex 2.500000e+000 3.540000e+001 3.000000e+000
         vertex 2.690000e+001 3.540000e+001 3.000000e+000
      endloop
   endfacet
   facet normal 0.000000e+000 0.000000e+000 -1.000000e+000
      outer loop
         vertex 2.440000e+001 2.950000e+001 3.000000e+000
         vertex 2.690000e+001 3.540000e+001 3.000000e+000
         vertex 2.690000e+001 1.300000e+000 3.000000e+000
      endloop
   endfacet
   facet normal 0.000000e+000 0.000000e+000 -1.000000e+000
      outer loop
         vertex 2.911353e+001 6.183218e-001 3.000000e+000
         vertex 2.896066e+001 4.393384e-001 3.000000e+000
         vertex 2.810000e+001 1.300000e+000 3.000000e+000
      endloop
   endfacet
   facet normal 0.000000e+000 0.000000e+000 -1.000000e+000
      outer loop
         vertex 2.810000e+001 1.300000e+000 3.000000e+000
         vertex 2.896066e+001 4.393384e-001 3.000000e+000
         vertex 2.878168e+001 2.864730e-001 3.000000e+000
      endloop
   endfacet
   facet normal 0.000000e+000 0.000000e+000 -1.000000e+000
      outer loop
         vertex 2.810000e+001 1.300000e+000 3.000000e+000
         vertex 2.878168e+001 2.864730e-001 3.000000e+000
         vertex 2.858099e+001 1.634900e-001 3.000000e+000
      endloop
   endfacet
   facet normal 0.000000e+000 0.000000e+000 -1.000000e+000
      outer loop
         vertex 2.904907e+001 3.736418e+001 3.000000e+000
         vertex 2.919904e+001 3.715000e+001 3.000000e+000
         vertex 2.930954e+001 3.691303e+001 3.000000e+000
      endloop
   endfacet
   facet normal 0.000000e+000 0.000000e+000 -1.000000e+000
      outer loop
         vertex 2.940000e+001 1.499999e+000 3.000000e+000
         vertex 2.810000e+001 1.300000e+000 3.000000e+000
         vertex 2.940000e+001 3.640000e+001 3.000000e+000
      endloop
   endfacet
   facet normal 0.000000e+000 0.000000e+000 -1.000000e+000
      outer loop
         vertex 2.940000e+001 3.640000e+001 3.000000e+000
         vertex 2.810000e+001 1.300000e+000 3.000000e+000
         vertex 2.810000e+001 3.660000e+001 3.000000e+000
      endloop
   endfacet
   facet normal 0.000000e+000 0.000000e+000 -1.000000e+000
      outer loop
         vertex 2.940000e+001 3.640000e+001 3.000000e+000
         vertex 2.810000e+001 3.660000e+001 3.000000e+000
         vertex 2.937721e+001 3.666047e+001 3.000000e+000
      endloop
   endfacet
   facet normal 0.000000e+000 0.000000e+000 -1.000000e+000
      outer loop
         vertex 2.940000e+001 1.499999e+000 3.000000e+000
         vertex 2.938153e+001 1.265347e+000 3.000000e+000
         vertex 2.932658e+001 1.036474e+000 3.000000e+000
      endloop
   endfacet
   facet normal 0.000000e+000 0.000000e+000 -1.000000e+000
      outer loop
         vertex 2.940000e+001 1.499999e+000 3.000000e+000
         vertex 2.932658e+001 1.036474e+000 3.000000e+000
         vertex 2.810000e+001 1.300000e+000 3.000000e+000
      endloop
   endfacet
   facet normal 0.000000e+000 0.000000e+000 -1.000000e+000
      outer loop
         vertex 2.810000e+001 1.300000e+000 3.000000e+000
         vertex 2.932658e+001 1.036474e+000 3.000000e+000
         vertex 2.923651e+001 8.190144e-001 3.000000e+000
      endloop
   endfacet
   facet normal 0.000000e+000 0.000000e+000 -1.000000e+000
      outer loop
         vertex 2.810000e+001 1.300000e+000 3.000000e+000
         vertex 2.923651e+001 8.190144e-001 3.000000e+000
         vertex 2.911353e+001 6.183218e-001 3.000000e+000
      endloop
   endfacet
   facet normal 0.000000e+000 0.000000e+000 -1.000000e+000
      outer loop
         vertex 1.239528e+000 3.787721e+001 3.000000e+000
         vertex 1.500000e+000 3.790000e+001 3.000000e+000
         vertex 1.300000e+000 3.660000e+001 3.000000e+000
      endloop
   endfacet
   facet normal 0.000000e+000 0.000000e+000 -1.000000e+000
      outer loop
         vertex 2.009617e-001 7.499996e-001 3.000000e+000
         vertex 9.046122e-002 9.869691e-001 3.000000e+000
         vertex 1.300000e+000 1.300000e+000 3.000000e+000
      endloop
   endfacet
   facet normal 0.000000e+000 0.000000e+000 -1.000000e+000
      outer loop
         vertex 5.358188e-001 3.754906e+001 3.000000e+000
         vertex 7.499996e-001 3.769904e+001 3.000000e+000
         vertex 9.869700e-001 3.780954e+001 3.000000e+000
      endloop
   endfacet
   facet normal 0.000000e+000 0.000000e+000 -1.000000e+000
      outer loop
         vertex 1.300000e+000 3.660000e+001 3.000000e+000
         vertex 1.500000e+000 3.790000e+001 3.000000e+000
         vertex 2.810000e+001 3.660000e+001 3.000000e+000
      endloop
   endfacet
   facet normal 0.000000e+000 0.000000e+000 -1.000000e+000
      outer loop
         vertex 1.500000e+000 3.790000e+001 3.000000e+000
         vertex 2.790000e+001 3.790000e+001 3.000000e+000
         vertex 2.810000e+001 3.660000e+001 3.000000e+000
      endloop
   endfacet
   facet normal 0.000000e+000 0.000000e+000 -1.000000e+000
      outer loop
         vertex 2.810000e+001 3.660000e+001 3.000000e+000
         vertex 2.790000e+001 3.790000e+001 3.000000e+000
         vertex 2.816047e+001 3.787721e+001 3.000000e+000
      endloop
   endfacet
   facet normal 0.000000e+000 0.000000e+000 -1.000000e+000
      outer loop
         vertex 2.810000e+001 3.660000e+001 3.000000e+000
         vertex 2.816047e+001 3.787721e+001 3.000000e+000
         vertex 2.841303e+001 3.780954e+001 3.000000e+000
      endloop
   endfacet
   facet normal 0.000000e+000 0.000000e+000 -1.000000e+000
      outer loop
         vertex 9.046122e-002 9.869691e-001 3.000000e+000
         vertex 2.278853e-002 1.239527e+000 3.000000e+000
         vertex 1.300000e+000 1.300000e+000 3.000000e+000
      endloop
   endfacet
   facet normal 0.000000e+000 0.000000e+000 -1.000000e+000
      outer loop
         vertex 1.300000e+000 1.300000e+000 3.000000e+000
         vertex 2.278853e-002 1.239527e+000 3.000000e+000
         vertex 0.000000e+000 1.499999e+000 3.000000e+000
      endloop
   endfacet
   facet normal 0.000000e+000 0.000000e+000 -1.000000e+000
      outer loop
         vertex 1.300000e+000 1.300000e+000 3.000000e+000
         vertex 0.000000e+000 1.499999e+000 3.000000e+000
         vertex 1.300000e+000 3.660000e+001 3.000000e+000
      endloop
   endfacet
   facet normal 0.000000e+000 0.000000e+000 -1.000000e+000
      outer loop
         vertex 1.300000e+000 3.660000e+001 3.000000e+000
         vertex 0.000000e+000 1.499999e+000 3.000000e+000
         vertex 0.000000e+000 3.640000e+001 3.000000e+000
      endloop
   endfacet
   facet normal 0.000000e+000 0.000000e+000 -1.000000e+000
      outer loop
         vertex 2.320000e+001 1.300000e+000 3.000000e+000
         vertex 2.440000e+001 1.300000e+000 3.000000e+000
         vertex 2.790000e+001 0.000000e+000 3.000000e+000
      endloop
   endfacet
   facet normal 0.000000e+000 0.000000e+000 -1.000000e+000
      outer loop
         vertex 2.790000e+001 0.000000e+000 3.000000e+000
         vertex 2.440000e+001 1.300000e+000 3.000000e+000
         vertex 2.690000e+001 1.300000e+000 3.000000e+000
      endloop
   endfacet
   facet normal 0.000000e+000 0.000000e+000 -1.000000e+000
      outer loop
         vertex 2.790000e+001 0.000000e+000 3.000000e+000
         vertex 2.690000e+001 1.300000e+000 3.000000e+000
         vertex 2.813465e+001 1.846626e-002 3.000000e+000
      endloop
   endfacet
   facet normal 0.000000e+000 0.000000e+000 -1.000000e+000
      outer loop
         vertex 2.813465e+001 1.846626e-002 3.000000e+000
         vertex 2.690000e+001 1.300000e+000 3.000000e+000
         vertex 2.810000e+001 1.300000e+000 3.000000e+000
      endloop
   endfacet
   facet normal 0.000000e+000 0.000000e+000 -1.000000e+000
      outer loop
         vertex 2.813465e+001 1.846626e-002 3.000000e+000
         vertex 2.810000e+001 1.300000e+000 3.000000e+000
         vertex 2.836353e+001 7.341430e-002 3.000000e+000
      endloop
   endfacet
   facet normal 0.000000e+000 0.000000e+000 -1.000000e+000
      outer loop
         vertex 2.836353e+001 7.341430e-002 3.000000e+000
         vertex 2.810000e+001 1.300000e+000 3.000000e+000
         vertex 2.858099e+001 1.634900e-001 3.000000e+000
      endloop
   endfacet
   facet normal 0.000000e+000 0.000000e+000 -1.000000e+000
      outer loop
         vertex 2.930954e+001 3.691303e+001 3.000000e+000
         vertex 2.937721e+001 3.666047e+001 3.000000e+000
         vertex 2.904907e+001 3.736418e+001 3.000000e+000
      endloop
   endfacet
   facet normal 0.000000e+000 0.000000e+000 -1.000000e+000
      outer loop
         vertex 2.904907e+001 3.736418e+001 3.000000e+000
         vertex 2.937721e+001 3.666047e+001 3.000000e+000
         vertex 2.810000e+001 3.660000e+001 3.000000e+000
      endloop
   endfacet
   facet normal 0.000000e+000 0.000000e+000 -1.000000e+000
      outer loop
         vertex 2.904907e+001 3.736418e+001 3.000000e+000
         vertex 2.810000e+001 3.660000e+001 3.000000e+000
         vertex 2.886418e+001 3.754906e+001 3.000000e+000
      endloop
   endfacet
   facet normal 0.000000e+000 0.000000e+000 -1.000000e+000
      outer loop
         vertex 2.886418e+001 3.754906e+001 3.000000e+000
         vertex 2.810000e+001 3.660000e+001 3.000000e+000
         vertex 2.841303e+001 3.780954e+001 3.000000e+000
      endloop
   endfacet
   facet normal 0.000000e+000 0.000000e+000 -1.000000e+000
      outer loop
         vertex 2.886418e+001 3.754906e+001 3.000000e+000
         vertex 2.841303e+001 3.780954e+001 3.000000e+000
         vertex 2.865000e+001 3.769904e+001 3.000000e+000
      endloop
   endfacet
   facet normal 0.000000e+000 0.000000e+000 -1.000000e+000
      outer loop
         vertex 9.869700e-001 9.045936e-002 3.000000e+000
         vertex 5.358188e-001 3.509316e-001 3.000000e+000
         vertex 1.300000e+000 1.300000e+000 3.000000e+000
      endloop
   endfacet
   facet normal 0.000000e+000 0.000000e+000 -1.000000e+000
      outer loop
         vertex 1.300000e+000 1.300000e+000 3.000000e+000
         vertex 5.358188e-001 3.509316e-001 3.000000e+000
         vertex 3.509335e-001 5.358178e-001 3.000000e+000
      endloop
   endfacet
   facet normal 0.000000e+000 0.000000e+000 -1.000000e+000
      outer loop
         vertex 1.300000e+000 1.300000e+000 3.000000e+000
         vertex 3.509335e-001 5.358178e-001 3.000000e+000
         vertex 2.009617e-001 7.499996e-001 3.000000e+000
      endloop
   endfacet
   facet normal 0.000000e+000 0.000000e+000 -1.000000e+000
      outer loop
         vertex 0.000000e+000 3.640000e+001 3.000000e+000
         vertex 2.278853e-002 3.666047e+001 3.000000e+000
         vertex 1.300000e+000 3.660000e+001 3.000000e+000
      endloop
   endfacet
   facet normal 0.000000e+000 0.000000e+000 -1.000000e+000
      outer loop
         vertex 1.300000e+000 3.660000e+001 3.000000e+000
         vertex 2.278853e-002 3.666047e+001 3.000000e+000
         vertex 9.046122e-002 3.691303e+001 3.000000e+000
      endloop
   endfacet
   facet normal 0.000000e+000 0.000000e+000 -1.000000e+000
      outer loop
         vertex 1.300000e+000 3.660000e+001 3.000000e+000
         vertex 9.046122e-002 3.691303e+001 3.000000e+000
         vertex 2.009617e-001 3.715000e+001 3.000000e+000
      endloop
   endfacet
   facet normal 0.000000e+000 0.000000e+000 -1.000000e+000
      outer loop
         vertex 9.869700e-001 3.780954e+001 3.000000e+000
         vertex 1.239528e+000 3.787721e+001 3.000000e+000
         vertex 5.358188e-001 3.754906e+001 3.000000e+000
      endloop
   endfacet
   facet normal 0.000000e+000 0.000000e+000 -1.000000e+000
      outer loop
         vertex 5.358188e-001 3.754906e+001 3.000000e+000
         vertex 1.239528e+000 3.787721e+001 3.000000e+000
         vertex 1.300000e+000 3.660000e+001 3.000000e+000
      endloop
   endfacet
   facet normal 0.000000e+000 0.000000e+000 -1.000000e+000
      outer loop
         vertex 5.358188e-001 3.754906e+001 3.000000e+000
         vertex 1.300000e+000 3.660000e+001 3.000000e+000
         vertex 3.509335e-001 3.736418e+001 3.000000e+000
      endloop
   endfacet
   facet normal 0.000000e+000 0.000000e+000 -1.000000e+000
      outer loop
         vertex 3.509335e-001 3.736418e+001 3.000000e+000
         vertex 1.300000e+000 3.660000e+001 3.000000e+000
         vertex 2.009617e-001 3.715000e+001 3.000000e+000
      endloop
   endfacet
   facet normal -1.000000e+000 0.000000e+000 0.000000e+000
      outer loop
         vertex 0.000000e+000 3.640000e+001 3.300000e+000
         vertex 0.000000e+000 3.640000e+001 3.000000e+000
         vertex 0.000000e+000 1.499999e+000 3.300000e+000
      endloop
   endfacet
   facet normal -1.000000e+000 0.000000e+000 0.000000e+000
      outer loop
         vertex 0.000000e+000 1.499999e+000 3.300000e+000
         vertex 0.000000e+000 3.640000e+001 3.000000e+000
         vertex 0.000000e+000 1.499999e+000 3.000000e+000
      endloop
   endfacet
   facet normal 0.000000e+000 -1.000000e+000 0.000000e+000
      outer loop
         vertex 1.500000e+000 0.000000e+000 3.300000e+000
         vertex 1.500000e+000 0.000000e+000 3.000000e+000
         vertex 2.790000e+001 0.000000e+000 3.300000e+000
      endloop
   endfacet
   facet normal 0.000000e+000 -1.000000e+000 0.000000e+000
      outer loop
         vertex 2.790000e+001 0.000000e+000 3.300000e+000
         vertex 1.500000e+000 0.000000e+000 3.000000e+000
         vertex 2.790000e+001 0.000000e+000 3.000000e+000
      endloop
   endfacet
   facet normal 1.000000e+000 0.000000e+000 0.000000e+000
      outer loop
         vertex 2.940000e+001 1.499999e+000 3.300000e+000
         vertex 2.940000e+001 1.499999e+000 3.000000e+000
         vertex 2.940000e+001 3.640000e+001 3.300000e+000
      endloop
   endfacet
   facet normal 1.000000e+000 0.000000e+000 0.000000e+000
      outer loop
         vertex 2.940000e+001 3.640000e+001 3.300000e+000
         vertex 2.940000e+001 1.499999e+000 3.000000e+000
         vertex 2.940000e+001 3.640000e+001 3.000000e+000
      endloop
   endfacet
   facet normal 0.000000e+000 1.000000e+000 0.000000e+000
      outer loop
         vertex 2.790000e+001 3.790000e+001 3.300000e+000
         vertex 2.790000e+001 3.790000e+001 3.000000e+000
         vertex 1.500000e+000 3.790000e+001 3.300000e+000
      endloop
   endfacet
   facet normal 0.000000e+000 1.000000e+000 0.000000e+000
      outer loop
         vertex 1.500000e+000 3.790000e+001 3.300000e+000
         vertex 2.790000e+001 3.790000e+001 3.000000e+000
         vertex 1.500000e+000 3.790000e+001 3.000000e+000
      endloop
   endfacet
   facet normal 0.000000e+000 0.000000e+000 1.000000e+000
      outer loop
         vertex 2.790000e+001 1.200000e+000 4.500000e+000
         vertex 2.790000e+001 3.670000e+001 4.500000e+000
         vertex 1.500000e+000 1.200000e+000 4.500000e+000
      endloop
   endfacet
   facet normal 0.000000e+000 0.000000e+000 1.000000e+000
      outer loop
         vertex 1.500000e+000 1.200000e+000 4.500000e+000
         vertex 2.790000e+001 3.670000e+001 4.500000e+000
         vertex 1.500000e+000 3.670000e+001 4.500000e+000
      endloop
   endfacet
   facet normal 0.000000e+000 0.000000e+000 1.000000e+000
      outer loop
         vertex 2.794693e+001 1.203693e+000 4.500000e+000
         vertex 2.799270e+001 1.214683e+000 4.500000e+000
         vertex 2.820000e+001 1.499999e+000 4.500000e+000
      endloop
   endfacet
   facet normal 0.000000e+000 0.000000e+000 1.000000e+000
      outer loop
         vertex 2.820000e+001 1.499999e+000 4.500000e+000
         vertex 2.799270e+001 1.214683e+000 4.500000e+000
         vertex 2.819631e+001 1.453068e+000 4.500000e+000
      endloop
   endfacet
   facet normal 0.000000e+000 0.000000e+000 1.000000e+000
      outer loop
         vertex 2.819631e+001 1.453068e+000 4.500000e+000
         vertex 2.799270e+001 1.214683e+000 4.500000e+000
         vertex 2.803620e+001 1.232697e+000 4.500000e+000
      endloop
   endfacet
   facet normal 0.000000e+000 0.000000e+000 1.000000e+000
      outer loop
         vertex 2.819631e+001 1.453068e+000 4.500000e+000
         vertex 2.803620e+001 1.232697e+000 4.500000e+000
         vertex 2.818532e+001 1.407294e+000 4.500000e+000
      endloop
   endfacet
   facet normal 0.000000e+000 0.000000e+000 1.000000e+000
      outer loop
         vertex 2.818532e+001 1.407294e+000 4.500000e+000
         vertex 2.803620e+001 1.232697e+000 4.500000e+000
         vertex 2.807634e+001 1.257295e+000 4.500000e+000
      endloop
   endfacet
   facet normal 0.000000e+000 0.000000e+000 1.000000e+000
      outer loop
         vertex 2.818532e+001 1.407294e+000 4.500000e+000
         vertex 2.807634e+001 1.257295e+000 4.500000e+000
         vertex 2.816730e+001 1.363803e+000 4.500000e+000
      endloop
   endfacet
   facet normal 0.000000e+000 0.000000e+000 1.000000e+000
      outer loop
         vertex 2.816730e+001 1.363803e+000 4.500000e+000
         vertex 2.807634e+001 1.257295e+000 4.500000e+000
         vertex 2.811213e+001 1.287866e+000 4.500000e+000
      endloop
   endfacet
   facet normal 0.000000e+000 0.000000e+000 1.000000e+000
      outer loop
         vertex 2.816730e+001 1.363803e+000 4.500000e+000
         vertex 2.811213e+001 1.287866e+000 4.500000e+000
         vertex 2.814271e+001 1.323665e+000 4.500000e+000
      endloop
   endfacet
   facet normal 0.000000e+000 0.000000e+000 1.000000e+000
      outer loop
         vertex 2.812981e+001 3.659283e+001 4.500000e+000
         vertex 2.809283e+001 3.662981e+001 4.500000e+000
         vertex 2.815981e+001 3.655000e+001 4.500000e+000
      endloop
   endfacet
   facet normal 0.000000e+000 0.000000e+000 1.000000e+000
      outer loop
         vertex 2.815981e+001 3.655000e+001 4.500000e+000
         vertex 2.809283e+001 3.662981e+001 4.500000e+000
         vertex 2.805000e+001 3.665981e+001 4.500000e+000
      endloop
   endfacet
   facet normal 0.000000e+000 0.000000e+000 1.000000e+000
      outer loop
         vertex 2.815981e+001 3.655000e+001 4.500000e+000
         vertex 2.805000e+001 3.665981e+001 4.500000e+000
         vertex 2.818191e+001 3.650261e+001 4.500000e+000
      endloop
   endfacet
   facet normal 0.000000e+000 0.000000e+000 1.000000e+000
      outer loop
         vertex 2.818191e+001 3.650261e+001 4.500000e+000
         vertex 2.805000e+001 3.665981e+001 4.500000e+000
         vertex 2.800261e+001 3.668190e+001 4.500000e+000
      endloop
   endfacet
   facet normal 0.000000e+000 0.000000e+000 1.000000e+000
      outer loop
         vertex 2.818191e+001 3.650261e+001 4.500000e+000
         vertex 2.800261e+001 3.668190e+001 4.500000e+000
         vertex 2.819544e+001 3.645209e+001 4.500000e+000
      endloop
   endfacet
   facet normal 0.000000e+000 0.000000e+000 1.000000e+000
      outer loop
         vertex 2.819544e+001 3.645209e+001 4.500000e+000
         vertex 2.800261e+001 3.668190e+001 4.500000e+000
         vertex 2.795209e+001 3.669544e+001 4.500000e+000
      endloop
   endfacet
   facet normal 0.000000e+000 0.000000e+000 1.000000e+000
      outer loop
         vertex 2.819544e+001 3.645209e+001 4.500000e+000
         vertex 2.795209e+001 3.669544e+001 4.500000e+000
         vertex 2.820000e+001 3.640000e+001 4.500000e+000
      endloop
   endfacet
   facet normal 0.000000e+000 0.000000e+000 1.000000e+000
      outer loop
         vertex 2.820000e+001 3.640000e+001 4.500000e+000
         vertex 2.795209e+001 3.669544e+001 4.500000e+000
         vertex 2.790000e+001 3.670000e+001 4.500000e+000
      endloop
   endfacet
   facet normal 0.000000e+000 0.000000e+000 1.000000e+000
      outer loop
         vertex 2.820000e+001 3.640000e+001 4.500000e+000
         vertex 2.790000e+001 3.670000e+001 4.500000e+000
         vertex 2.820000e+001 1.499999e+000 4.500000e+000
      endloop
   endfacet
   facet normal 0.000000e+000 0.000000e+000 1.000000e+000
      outer loop
         vertex 2.820000e+001 1.499999e+000 4.500000e+000
         vertex 2.790000e+001 3.670000e+001 4.500000e+000
         vertex 2.790000e+001 1.200000e+000 4.500000e+000
      endloop
   endfacet
   facet normal 0.000000e+000 0.000000e+000 1.000000e+000
      outer loop
         vertex 2.820000e+001 1.499999e+000 4.500000e+000
         vertex 2.790000e+001 1.200000e+000 4.500000e+000
         vertex 2.794693e+001 1.203693e+000 4.500000e+000
      endloop
   endfacet
   facet normal 0.000000e+000 0.000000e+000 1.000000e+000
      outer loop
         vertex 1.240192e+000 3.655000e+001 4.500000e+000
         vertex 1.218093e+000 3.650261e+001 4.500000e+000
         vertex 1.270187e+000 3.659283e+001 4.500000e+000
      endloop
   endfacet
   facet normal 0.000000e+000 0.000000e+000 1.000000e+000
      outer loop
         vertex 1.270187e+000 3.659283e+001 4.500000e+000
         vertex 1.218093e+000 3.650261e+001 4.500000e+000
         vertex 1.204558e+000 3.645209e+001 4.500000e+000
      endloop
   endfacet
   facet normal 0.000000e+000 0.000000e+000 1.000000e+000
      outer loop
         vertex 1.270187e+000 3.659283e+001 4.500000e+000
         vertex 1.204558e+000 3.645209e+001 4.500000e+000
         vertex 1.307163e+000 3.662981e+001 4.500000e+000
      endloop
   endfacet
   facet normal 0.000000e+000 0.000000e+000 1.000000e+000
      outer loop
         vertex 1.307163e+000 3.662981e+001 4.500000e+000
         vertex 1.204558e+000 3.645209e+001 4.500000e+000
         vertex 1.200000e+000 3.640000e+001 4.500000e+000
      endloop
   endfacet
   facet normal 0.000000e+000 0.000000e+000 1.000000e+000
      outer loop
         vertex 1.307163e+000 3.662981e+001 4.500000e+000
         vertex 1.200000e+000 3.640000e+001 4.500000e+000
         vertex 1.350000e+000 3.665981e+001 4.500000e+000
      endloop
   endfacet
   facet normal 0.000000e+000 0.000000e+000 1.000000e+000
      outer loop
         vertex 1.350000e+000 3.665981e+001 4.500000e+000
         vertex 1.200000e+000 3.640000e+001 4.500000e+000
         vertex 1.447906e+000 3.669544e+001 4.500000e+000
      endloop
   endfacet
   facet normal 0.000000e+000 0.000000e+000 1.000000e+000
      outer loop
         vertex 1.350000e+000 3.665981e+001 4.500000e+000
         vertex 1.447906e+000 3.669544e+001 4.500000e+000
         vertex 1.397394e+000 3.668190e+001 4.500000e+000
      endloop
   endfacet
   facet normal 0.000000e+000 0.000000e+000 1.000000e+000
      outer loop
         vertex 1.350000e+000 1.240192e+000 4.500000e+000
         vertex 1.397394e+000 1.218092e+000 4.500000e+000
         vertex 1.307163e+000 1.270186e+000 4.500000e+000
      endloop
   endfacet
   facet normal 0.000000e+000 0.000000e+000 1.000000e+000
      outer loop
         vertex 1.307163e+000 1.270186e+000 4.500000e+000
         vertex 1.397394e+000 1.218092e+000 4.500000e+000
         vertex 1.447906e+000 1.204558e+000 4.500000e+000
      endloop
   endfacet
   facet normal 0.000000e+000 0.000000e+000 1.000000e+000
      outer loop
         vertex 1.307163e+000 1.270186e+000 4.500000e+000
         vertex 1.447906e+000 1.204558e+000 4.500000e+000
         vertex 1.200000e+000 1.499999e+000 4.500000e+000
      endloop
   endfacet
   facet normal 0.000000e+000 0.000000e+000 1.000000e+000
      outer loop
         vertex 1.200000e+000 1.499999e+000 4.500000e+000
         vertex 1.447906e+000 1.204558e+000 4.500000e+000
         vertex 1.500000e+000 1.200000e+000 4.500000e+000
      endloop
   endfacet
   facet normal 0.000000e+000 0.000000e+000 1.000000e+000
      outer loop
         vertex 1.200000e+000 1.499999e+000 4.500000e+000
         vertex 1.500000e+000 1.200000e+000 4.500000e+000
         vertex 1.200000e+000 3.640000e+001 4.500000e+000
      endloop
   endfacet
   facet normal 0.000000e+000 0.000000e+000 1.000000e+000
      outer loop
         vertex 1.200000e+000 3.640000e+001 4.500000e+000
         vertex 1.500000e+000 1.200000e+000 4.500000e+000
         vertex 1.500000e+000 3.670000e+001 4.500000e+000
      endloop
   endfacet
   facet normal 0.000000e+000 0.000000e+000 1.000000e+000
      outer loop
         vertex 1.200000e+000 3.640000e+001 4.500000e+000
         vertex 1.500000e+000 3.670000e+001 4.500000e+000
         vertex 1.447906e+000 3.669544e+001 4.500000e+000
      endloop
   endfacet
   facet normal 0.000000e+000 0.000000e+000 1.000000e+000
      outer loop
         vertex 1.200000e+000 1.499999e+000 4.500000e+000
         vertex 1.204558e+000 1.447905e+000 4.500000e+000
         vertex 1.307163e+000 1.270186e+000 4.500000e+000
      endloop
   endfacet
   facet normal 0.000000e+000 0.000000e+000 1.000000e+000
      outer loop
         vertex 1.307163e+000 1.270186e+000 4.500000e+000
         vertex 1.204558e+000 1.447905e+000 4.500000e+000
         vertex 1.218093e+000 1.397394e+000 4.500000e+000
      endloop
   endfacet
   facet normal 0.000000e+000 0.000000e+000 1.000000e+000
      outer loop
         vertex 1.307163e+000 1.270186e+000 4.500000e+000
         vertex 1.218093e+000 1.397394e+000 4.500000e+000
         vertex 1.270187e+000 1.307163e+000 4.500000e+000
      endloop
   endfacet
   facet normal 0.000000e+000 0.000000e+000 1.000000e+000
      outer loop
         vertex 1.270187e+000 1.307163e+000 4.500000e+000
         vertex 1.218093e+000 1.397394e+000 4.500000e+000
         vertex 1.240192e+000 1.349999e+000 4.500000e+000
      endloop
   endfacet
   facet normal 1.294570e-016 1.000000e+000 0.000000e+000
      outer loop
         vertex 2.810000e+001 3.660000e+001 0.000000e+000
         vertex 1.300000e+000 3.660000e+001 0.000000e+000
         vertex 2.810000e+001 3.660000e+001 3.000000e+000
      endloop
   endfacet
   facet normal 1.294570e-016 1.000000e+000 0.000000e+000
      outer loop
         vertex 2.810000e+001 3.660000e+001 3.000000e+000
         vertex 1.300000e+000 3.660000e+001 0.000000e+000
         vertex 1.300000e+000 3.660000e+001 3.000000e+000
      endloop
   endfacet
   facet normal -1.294570e-016 -1.000000e+000 0.000000e+000
      outer loop
         vertex 5.000000e+000 1.300000e+000 0.000000e+000
         vertex 6.200000e+000 1.300000e+000 0.000000e+000
         vertex 5.000000e+000 1.300000e+000 3.000000e+000
      endloop
   endfacet
   facet normal -1.294570e-016 -1.000000e+000 0.000000e+000
      outer loop
         vertex 5.000000e+000 1.300000e+000 3.000000e+000
         vertex 6.200000e+000 1.300000e+000 0.000000e+000
         vertex 6.200000e+000 1.300000e+000 3.000000e+000
      endloop
   endfacet
   facet normal 0.000000e+000 0.000000e+000 -1.000000e+000
      outer loop
         vertex 6.200000e+000 1.300000e+000 0.000000e+000
         vertex 5.000000e+000 1.300000e+000 0.000000e+000
         vertex 6.200000e+000 2.830000e+001 0.000000e+000
      endloop
   endfacet
   facet normal 0.000000e+000 0.000000e+000 -1.000000e+000
      outer loop
         vertex 6.200000e+000 2.830000e+001 0.000000e+000
         vertex 5.000000e+000 1.300000e+000 0.000000e+000
         vertex 5.000000e+000 2.950000e+001 0.000000e+000
      endloop
   endfacet
   facet normal 0.000000e+000 0.000000e+000 -1.000000e+000
      outer loop
         vertex 6.200000e+000 2.830000e+001 0.000000e+000
         vertex 5.000000e+000 2.950000e+001 0.000000e+000
         vertex 2.320000e+001 2.830000e+001 0.000000e+000
      endloop
   endfacet
   facet normal 0.000000e+000 0.000000e+000 -1.000000e+000
      outer loop
         vertex 2.320000e+001 2.830000e+001 0.000000e+000
         vertex 5.000000e+000 2.950000e+001 0.000000e+000
         vertex 2.440000e+001 2.950000e+001 0.000000e+000
      endloop
   endfacet
   facet normal 0.000000e+000 0.000000e+000 -1.000000e+000
      outer loop
         vertex 2.320000e+001 2.830000e+001 0.000000e+000
         vertex 2.440000e+001 2.950000e+001 0.000000e+000
         vertex 2.320000e+001 1.300000e+000 0.000000e+000
      endloop
   endfacet
   facet normal 0.000000e+000 0.000000e+000 -1.000000e+000
      outer loop
         vertex 2.320000e+001 1.300000e+000 0.000000e+000
         vertex 2.440000e+001 2.950000e+001 0.000000e+000
         vertex 2.440000e+001 1.300000e+000 0.000000e+000
      endloop
   endfacet
   facet normal -1.000000e+000 6.424902e-017 0.000000e+000
      outer loop
         vertex 2.320000e+001 1.300000e+000 3.000000e+000
         vertex 2.320000e+001 2.830000e+001 3.000000e+000
         vertex 2.320000e+001 1.300000e+000 0.000000e+000
      endloop
   endfacet
   facet normal -1.000000e+000 6.424902e-017 0.000000e+000
      outer loop
         vertex 2.320000e+001 1.300000e+000 0.000000e+000
         vertex 2.320000e+001 2.830000e+001 3.000000e+000
         vertex 2.320000e+001 2.830000e+001 0.000000e+000
      endloop
   endfacet
   facet normal 0.000000e+000 -1.000000e+000 0.000000e+000
      outer loop
         vertex 2.320000e+001 2.830000e+001 3.000000e+000
         vertex 6.200000e+000 2.830000e+001 3.000000e+000
         vertex 2.320000e+001 2.830000e+001 0.000000e+000
      endloop
   endfacet
   facet normal 0.000000e+000 -1.000000e+000 0.000000e+000
      outer loop
         vertex 2.320000e+001 2.830000e+001 0.000000e+000
         vertex 6.200000e+000 2.830000e+001 3.000000e+000
         vertex 6.200000e+000 2.830000e+001 0.000000e+000
      endloop
   endfacet
   facet normal 1.000000e+000 -1.284980e-016 0.000000e+000
      outer loop
         vertex 6.200000e+000 2.830000e+001 3.000000e+000
         vertex 6.200000e+000 1.300000e+000 3.000000e+000
         vertex 6.200000e+000 2.830000e+001 0.000000e+000
      endloop
   endfacet
   facet normal 1.000000e+000 -1.284980e-016 0.000000e+000
      outer loop
         vertex 6.200000e+000 2.830000e+001 0.000000e+000
         vertex 6.200000e+000 1.300000e+000 3.000000e+000
         vertex 6.200000e+000 1.300000e+000 0.000000e+000
      endloop
   endfacet
   facet normal 9.983119e-001 5.807913e-002 0.000000e+000
      outer loop
         vertex 2.940000e+001 3.640000e+001 3.300000e+000
         vertex 2.940000e+001 3.640000e+001 3.000000e+000
         vertex 2.937721e+001 3.666047e+001 3.000000e+000
      endloop
   endfacet
   facet normal 9.932307e-001 1.161583e-001 0.000000e+000
      outer loop
         vertex 2.940000e+001 3.640000e+001 3.300000e+000
         vertex 2.937721e+001 3.666047e+001 3.000000e+000
         vertex 2.937721e+001 3.666047e+001 3.300000e+000
      endloop
   endfacet
   facet normal 9.730600e-001 2.305519e-001 0.000000e+000
      outer loop
         vertex 2.937721e+001 3.666047e+001 3.300000e+000
         vertex 2.937721e+001 3.666047e+001 3.000000e+000
         vertex 2.930954e+001 3.691303e+001 3.000000e+000
      endloop
   endfacet
   facet normal 9.579706e-001 2.868663e-001 0.000000e+000
      outer loop
         vertex 2.937721e+001 3.666047e+001 3.300000e+000
         vertex 2.930954e+001 3.691303e+001 3.000000e+000
         vertex 2.930954e+001 3.691303e+001 3.300000e+000
      endloop
   endfacet
   facet normal 9.182422e-001 3.960194e-001 0.000000e+000
      outer loop
         vertex 2.930954e+001 3.691303e+001 3.300000e+000
         vertex 2.930954e+001 3.691303e+001 3.000000e+000
         vertex 2.919904e+001 3.715000e+001 3.000000e+000
      endloop
   endfacet
   facet normal 8.936031e-001 4.488580e-001 0.000000e+000
      outer loop
         vertex 2.930954e+001 3.691303e+001 3.300000e+000
         vertex 2.919904e+001 3.715000e+001 3.000000e+000
         vertex 2.919904e+001 3.715000e+001 3.300000e+000
      endloop
   endfacet
   facet normal 8.355240e-001 5.494540e-001 0.000000e+000
      outer loop
         vertex 2.919904e+001 3.715000e+001 3.300000e+000
         vertex 2.919904e+001 3.715000e+001 3.000000e+000
         vertex 2.904907e+001 3.736418e+001 3.000000e+000
      endloop
   endfacet
   facet normal 8.020838e-001 5.972114e-001 0.000000e+000
      outer loop
         vertex 2.919904e+001 3.715000e+001 3.300000e+000
         vertex 2.904907e+001 3.736418e+001 3.000000e+000
         vertex 2.904907e+001 3.736418e+001 3.300000e+000
      endloop
   endfacet
   facet normal 7.274188e-001 6.861938e-001 0.000000e+000
      outer loop
         vertex 2.904907e+001 3.736418e+001 3.300000e+000
         vertex 2.904907e+001 3.736418e+001 3.000000e+000
         vertex 2.886418e+001 3.754906e+001 3.000000e+000
      endloop
   endfacet
   facet normal 6.861938e-001 7.274188e-001 0.000000e+000
      outer loop
         vertex 2.904907e+001 3.736418e+001 3.300000e+000
         vertex 2.886418e+001 3.754906e+001 3.000000e+000
         vertex 2.886418e+001 3.754906e+001 3.300000e+000
      endloop
   endfacet
   facet normal 5.972114e-001 8.020838e-001 0.000000e+000
      outer loop
         vertex 2.886418e+001 3.754906e+001 3.300000e+000
         vertex 2.886418e+001 3.754906e+001 3.000000e+000
         vertex 2.865000e+001 3.769904e+001 3.000000e+000
      endloop
   endfacet
   facet normal 5.494540e-001 8.355240e-001 0.000000e+000
      outer loop
         vertex 2.886418e+001 3.754906e+001 3.300000e+000
         vertex 2.865000e+001 3.769904e+001 3.000000e+000
         vertex 2.865000e+001 3.769904e+001 3.300000e+000
      endloop
   endfacet
   facet normal 4.488580e-001 8.936031e-001 0.000000e+000
      outer loop
         vertex 2.865000e+001 3.769904e+001 3.300000e+000
         vertex 2.865000e+001 3.769904e+001 3.000000e+000
         vertex 2.841303e+001 3.780954e+001 3.000000e+000
      endloop
   endfacet
   facet normal 3.960194e-001 9.182422e-001 0.000000e+000
      outer loop
         vertex 2.865000e+001 3.769904e+001 3.300000e+000
         vertex 2.841303e+001 3.780954e+001 3.000000e+000
         vertex 2.841303e+001 3.780954e+001 3.300000e+000
      endloop
   endfacet
   facet normal 2.868663e-001 9.579706e-001 0.000000e+000
      outer loop
         vertex 2.841303e+001 3.780954e+001 3.300000e+000
         vertex 2.841303e+001 3.780954e+001 3.000000e+000
         vertex 2.816047e+001 3.787721e+001 3.000000e+000
      endloop
   endfacet
   facet normal 2.305519e-001 9.730600e-001 0.000000e+000
      outer loop
         vertex 2.841303e+001 3.780954e+001 3.300000e+000
         vertex 2.816047e+001 3.787721e+001 3.000000e+000
         vertex 2.816047e+001 3.787721e+001 3.300000e+000
      endloop
   endfacet
   facet normal 1.161583e-001 9.932307e-001 0.000000e+000
      outer loop
         vertex 2.816047e+001 3.787721e+001 3.300000e+000
         vertex 2.816047e+001 3.787721e+001 3.000000e+000
         vertex 2.790000e+001 3.790000e+001 3.000000e+000
      endloop
   endfacet
   facet normal 5.807913e-002 9.983119e-001 0.000000e+000
      outer loop
         vertex 2.816047e+001 3.787721e+001 3.300000e+000
         vertex 2.790000e+001 3.790000e+001 3.000000e+000
         vertex 2.790000e+001 3.790000e+001 3.300000e+000
      endloop
   endfacet
   facet normal -5.807913e-002 9.983119e-001 0.000000e+000
      outer loop
         vertex 1.500000e+000 3.790000e+001 3.300000e+000
         vertex 1.500000e+000 3.790000e+001 3.000000e+000
         vertex 1.239528e+000 3.787721e+001 3.000000e+000
      endloop
   endfacet
   facet normal -1.161583e-001 9.932307e-001 0.000000e+000
      outer loop
         vertex 1.500000e+000 3.790000e+001 3.300000e+000
         vertex 1.239528e+000 3.787721e+001 3.000000e+000
         vertex 1.239528e+000 3.787721e+001 3.300000e+000
      endloop
   endfacet
   facet normal -2.305519e-001 9.730600e-001 0.000000e+000
      outer loop
         vertex 1.239528e+000 3.787721e+001 3.300000e+000
         vertex 1.239528e+000 3.787721e+001 3.000000e+000
         vertex 9.869700e-001 3.780954e+001 3.000000e+000
      endloop
   endfacet
   facet normal -2.868663e-001 9.579706e-001 0.000000e+000
      outer loop
         vertex 1.239528e+000 3.787721e+001 3.300000e+000
         vertex 9.869700e-001 3.780954e+001 3.000000e+000
         vertex 9.869700e-001 3.780954e+001 3.300000e+000
      endloop
   endfacet
   facet normal -3.960194e-001 9.182422e-001 0.000000e+000
      outer loop
         vertex 9.869700e-001 3.780954e+001 3.300000e+000
         vertex 9.869700e-001 3.780954e+001 3.000000e+000
         vertex 7.499996e-001 3.769904e+001 3.000000e+000
      endloop
   endfacet
   facet normal -4.488580e-001 8.936031e-001 0.000000e+000
      outer loop
         vertex 9.869700e-001 3.780954e+001 3.300000e+000
         vertex 7.499996e-001 3.769904e+001 3.000000e+000
         vertex 7.499996e-001 3.769904e+001 3.300000e+000
      endloop
   endfacet
   facet normal -5.494540e-001 8.355240e-001 0.000000e+000
      outer loop
         vertex 7.499996e-001 3.769904e+001 3.300000e+000
         vertex 7.499996e-001 3.769904e+001 3.000000e+000
         vertex 5.358188e-001 3.754906e+001 3.000000e+000
      endloop
   endfacet
   facet normal -5.972114e-001 8.020838e-001 0.000000e+000
      outer loop
         vertex 7.499996e-001 3.769904e+001 3.300000e+000
         vertex 5.358188e-001 3.754906e+001 3.000000e+000
         vertex 5.358188e-001 3.754906e+001 3.300000e+000
      endloop
   endfacet
   facet normal -6.861938e-001 7.274188e-001 0.000000e+000
      outer loop
         vertex 5.358188e-001 3.754906e+001 3.300000e+000
         vertex 5.358188e-001 3.754906e+001 3.000000e+000
         vertex 3.509335e-001 3.736418e+001 3.000000e+000
      endloop
   endfacet
   facet normal -7.274188e-001 6.861938e-001 0.000000e+000
      outer loop
         vertex 5.358188e-001 3.754906e+001 3.300000e+000
         vertex 3.509335e-001 3.736418e+001 3.000000e+000
         vertex 3.509335e-001 3.736418e+001 3.300000e+000
      endloop
   endfacet
   facet normal -8.020838e-001 5.972114e-001 0.000000e+000
      outer loop
         vertex 3.509335e-001 3.736418e+001 3.300000e+000
         vertex 3.509335e-001 3.736418e+001 3.000000e+000
         vertex 2.009617e-001 3.715000e+001 3.000000e+000
      endloop
   endfacet
   facet normal -8.355240e-001 5.494540e-001 0.000000e+000
      outer loop
         vertex 3.509335e-001 3.736418e+001 3.300000e+000
         vertex 2.009617e-001 3.715000e+001 3.000000e+000
         vertex 2.009617e-001 3.715000e+001 3.300000e+000
      endloop
   endfacet
   facet normal -8.936031e-001 4.488580e-001 0.000000e+000
      outer loop
         vertex 2.009617e-001 3.715000e+001 3.300000e+000
         vertex 2.009617e-001 3.715000e+001 3.000000e+000
         vertex 9.046122e-002 3.691303e+001 3.000000e+000
      endloop
   endfacet
   facet normal -9.182422e-001 3.960194e-001 0.000000e+000
      outer loop
         vertex 2.009617e-001 3.715000e+001 3.300000e+000
         vertex 9.046122e-002 3.691303e+001 3.000000e+000
         vertex 9.046122e-002 3.691303e+001 3.300000e+000
      endloop
   endfacet
   facet normal -9.579706e-001 2.868663e-001 0.000000e+000
      outer loop
         vertex 9.046122e-002 3.691303e+001 3.300000e+000
         vertex 9.046122e-002 3.691303e+001 3.000000e+000
         vertex 2.278853e-002 3.666047e+001 3.000000e+000
      endloop
   endfacet
   facet normal -9.730600e-001 2.305519e-001 0.000000e+000
      outer loop
         vertex 9.046122e-002 3.691303e+001 3.300000e+000
         vertex 2.278853e-002 3.666047e+001 3.000000e+000
         vertex 2.278853e-002 3.666047e+001 3.300000e+000
      endloop
   endfacet
   facet normal -9.932307e-001 1.161583e-001 0.000000e+000
      outer loop
         vertex 2.278853e-002 3.666047e+001 3.300000e+000
         vertex 2.278853e-002 3.666047e+001 3.000000e+000
         vertex 0.000000e+000 3.640000e+001 3.000000e+000
      endloop
   endfacet
   facet normal -9.983119e-001 5.807913e-002 0.000000e+000
      outer loop
         vertex 2.278853e-002 3.666047e+001 3.300000e+000
         vertex 0.000000e+000 3.640000e+001 3.000000e+000
         vertex 0.000000e+000 3.640000e+001 3.300000e+000
      endloop
   endfacet
   facet normal -9.983119e-001 -5.807913e-002 0.000000e+000
      outer loop
         vertex 0.000000e+000 1.499999e+000 3.300000e+000
         vertex 0.000000e+000 1.499999e+000 3.000000e+000
         vertex 2.278853e-002 1.239527e+000 3.000000e+000
      endloop
   endfacet
   facet normal -9.932307e-001 -1.161583e-001 0.000000e+000
      outer loop
         vertex 0.000000e+000 1.499999e+000 3.300000e+000
         vertex 2.278853e-002 1.239527e+000 3.000000e+000
         vertex 2.278853e-002 1.239527e+000 3.300000e+000
      endloop
   endfacet
   facet normal -9.730600e-001 -2.305519e-001 0.000000e+000
      outer loop
         vertex 2.278853e-002 1.239527e+000 3.300000e+000
         vertex 2.278853e-002 1.239527e+000 3.000000e+000
         vertex 9.046122e-002 9.869691e-001 3.000000e+000
      endloop
   endfacet
   facet normal -9.579706e-001 -2.868663e-001 0.000000e+000
      outer loop
         vertex 2.278853e-002 1.239527e+000 3.300000e+000
         vertex 9.046122e-002 9.869691e-001 3.000000e+000
         vertex 9.046122e-002 9.869691e-001 3.300000e+000
      endloop
   endfacet
   facet normal -9.182422e-001 -3.960194e-001 0.000000e+000
      outer loop
         vertex 9.046122e-002 9.869691e-001 3.300000e+000
         vertex 9.046122e-002 9.869691e-001 3.000000e+000
         vertex 2.009617e-001 7.499996e-001 3.000000e+000
      endloop
   endfacet
   facet normal -8.936031e-001 -4.488580e-001 0.000000e+000
      outer loop
         vertex 9.046122e-002 9.869691e-001 3.300000e+000
         vertex 2.009617e-001 7.499996e-001 3.000000e+000
         vertex 2.009617e-001 7.499996e-001 3.300000e+000
      endloop
   endfacet
   facet normal -8.355240e-001 -5.494540e-001 0.000000e+000
      outer loop
         vertex 2.009617e-001 7.499996e-001 3.300000e+000
         vertex 2.009617e-001 7.499996e-001 3.000000e+000
         vertex 3.509335e-001 5.358178e-001 3.000000e+000
      endloop
   endfacet
   facet normal -8.020838e-001 -5.972114e-001 0.000000e+000
      outer loop
         vertex 2.009617e-001 7.499996e-001 3.300000e+000
         vertex 3.509335e-001 5.358178e-001 3.000000e+000
         vertex 3.509335e-001 5.358178e-001 3.300000e+000
      endloop
   endfacet
   facet normal -7.274188e-001 -6.861938e-001 0.000000e+000
      outer loop
         vertex 3.509335e-001 5.358178e-001 3.300000e+000
         vertex 3.509335e-001 5.358178e-001 3.000000e+000
         vertex 5.358188e-001 3.509316e-001 3.000000e+000
      endloop
   endfacet
   facet normal -6.861938e-001 -7.274188e-001 0.000000e+000
      outer loop
         vertex 3.509335e-001 5.358178e-001 3.300000e+000
         vertex 5.358188e-001 3.509316e-001 3.000000e+000
         vertex 5.358188e-001 3.509316e-001 3.300000e+000
      endloop
   endfacet
   facet normal -5.972114e-001 -8.020838e-001 0.000000e+000
      outer loop
         vertex 5.358188e-001 3.509316e-001 3.300000e+000
         vertex 5.358188e-001 3.509316e-001 3.000000e+000
         vertex 7.499996e-001 2.009608e-001 3.000000e+000
      endloop
   endfacet
   facet normal -5.494540e-001 -8.355240e-001 0.000000e+000
      outer loop
         vertex 5.358188e-001 3.509316e-001 3.300000e+000
         vertex 7.499996e-001 2.009608e-001 3.000000e+000
         vertex 7.499996e-001 2.009608e-001 3.300000e+000
      endloop
   endfacet
   facet normal -4.488580e-001 -8.936031e-001 0.000000e+000
      outer loop
         vertex 7.499996e-001 2.009608e-001 3.300000e+000
         vertex 7.499996e-001 2.009608e-001 3.000000e+000
         vertex 9.869700e-001 9.045936e-002 3.000000e+000
      endloop
   endfacet
   facet normal -3.960194e-001 -9.182422e-001 0.000000e+000
      outer loop
         vertex 7.499996e-001 2.009608e-001 3.300000e+000
         vertex 9.869700e-001 9.045936e-002 3.000000e+000
         vertex 9.869700e-001 9.045936e-002 3.300000e+000
      endloop
   endfacet
   facet normal -2.868663e-001 -9.579706e-001 0.000000e+000
      outer loop
         vertex 9.869700e-001 9.045936e-002 3.300000e+000
         vertex 9.869700e-001 9.045936e-002 3.000000e+000
         vertex 1.239528e+000 2.278760e-002 3.000000e+000
      endloop
   endfacet
   facet normal -2.305519e-001 -9.730600e-001 0.000000e+000
      outer loop
         vertex 9.869700e-001 9.045936e-002 3.300000e+000
         vertex 1.239528e+000 2.278760e-002 3.000000e+000
         vertex 1.239528e+000 2.278760e-002 3.300000e+000
      endloop
   endfacet
   facet normal -1.161583e-001 -9.932307e-001 0.000000e+000
      outer loop
         vertex 1.239528e+000 2.278760e-002 3.300000e+000
         vertex 1.239528e+000 2.278760e-002 3.000000e+000
         vertex 1.500000e+000 0.000000e+000 3.000000e+000
      endloop
   endfacet
   facet normal -5.807913e-002 -9.983119e-001 0.000000e+000
      outer loop
         vertex 1.239528e+000 2.278760e-002 3.300000e+000
         vertex 1.500000e+000 0.000000e+000 3.000000e+000
         vertex 1.500000e+000 0.000000e+000 3.300000e+000
      endloop
   endfacet
   facet normal 5.228807e-002 -9.986320e-001 0.000000e+000
      outer loop
         vertex 2.790000e+001 0.000000e+000 3.300000e+000
         vertex 2.790000e+001 0.000000e+000 3.000000e+000
         vertex 2.813465e+001 1.846626e-002 3.000000e+000
      endloop
   endfacet
   facet normal 1.045761e-001 -9.945168e-001 0.000000e+000
      outer loop
         vertex 2.790000e+001 0.000000e+000 3.300000e+000
         vertex 2.813465e+001 1.846626e-002 3.000000e+000
         vertex 2.813465e+001 1.846626e-002 3.300000e+000
      endloop
   endfacet
   facet normal 2.078648e-001 -9.781576e-001 0.000000e+000
      outer loop
         vertex 2.813465e+001 1.846626e-002 3.300000e+000
         vertex 2.813465e+001 1.846626e-002 3.000000e+000
         vertex 2.836353e+001 7.341430e-002 3.000000e+000
      endloop
   endfacet
   facet normal 2.588653e-001 -9.659134e-001 0.000000e+000
      outer loop
         vertex 2.813465e+001 1.846626e-002 3.300000e+000
         vertex 2.836353e+001 7.341430e-002 3.000000e+000
         vertex 2.836353e+001 7.341430e-002 3.300000e+000
      endloop
   endfacet
   facet normal 3.583232e-001 -9.335976e-001 0.000000e+000
      outer loop
         vertex 2.836353e+001 7.341430e-002 3.300000e+000
         vertex 2.836353e+001 7.341430e-002 3.000000e+000
         vertex 2.858099e+001 1.634900e-001 3.000000e+000
      endloop
   endfacet
   facet normal 4.067805e-001 -9.135259e-001 0.000000e+000
      outer loop
         vertex 2.836353e+001 7.341430e-002 3.300000e+000
         vertex 2.858099e+001 1.634900e-001 3.000000e+000
         vertex 2.858099e+001 1.634900e-001 3.300000e+000
      endloop
   endfacet
   facet normal 4.999584e-001 -8.660494e-001 0.000000e+000
      outer loop
         vertex 2.858099e+001 1.634900e-001 3.300000e+000
         vertex 2.858099e+001 1.634900e-001 3.000000e+000
         vertex 2.878168e+001 2.864730e-001 3.000000e+000
      endloop
   endfacet
   facet normal 5.446792e-001 -8.386444e-001 0.000000e+000
      outer loop
         vertex 2.858099e+001 1.634900e-001 3.300000e+000
         vertex 2.878168e+001 2.864730e-001 3.000000e+000
         vertex 2.878168e+001 2.864730e-001 3.300000e+000
      endloop
   endfacet
   facet normal 6.292831e-001 -7.771761e-001 0.000000e+000
      outer loop
         vertex 2.878168e+001 2.864730e-001 3.300000e+000
         vertex 2.878168e+001 2.864730e-001 3.000000e+000
         vertex 2.896066e+001 4.393384e-001 3.000000e+000
      endloop
   endfacet
   facet normal 6.691663e-001 -7.431127e-001 0.000000e+000
      outer loop
         vertex 2.878168e+001 2.864730e-001 3.300000e+000
         vertex 2.896066e+001 4.393384e-001 3.000000e+000
         vertex 2.896066e+001 4.393384e-001 3.300000e+000
      endloop
   endfacet
   facet normal 7.431127e-001 -6.691663e-001 0.000000e+000
      outer loop
         vertex 2.896066e+001 4.393384e-001 3.300000e+000
         vertex 2.896066e+001 4.393384e-001 3.000000e+000
         vertex 2.911353e+001 6.183218e-001 3.000000e+000
      endloop
   endfacet
   facet normal 7.771761e-001 -6.292831e-001 0.000000e+000
      outer loop
         vertex 2.896066e+001 4.393384e-001 3.300000e+000
         vertex 2.911353e+001 6.183218e-001 3.000000e+000
         vertex 2.911353e+001 6.183218e-001 3.300000e+000
      endloop
   endfacet
   facet normal 8.386444e-001 -5.446792e-001 0.000000e+000
      outer loop
         vertex 2.911353e+001 6.183218e-001 3.300000e+000
         vertex 2.911353e+001 6.183218e-001 3.000000e+000
         vertex 2.923651e+001 8.190144e-001 3.000000e+000
      endloop
   endfacet
   facet normal 8.660494e-001 -4.999584e-001 0.000000e+000
      outer loop
         vertex 2.911353e+001 6.183218e-001 3.300000e+000
         vertex 2.923651e+001 8.190144e-001 3.000000e+000
         vertex 2.923651e+001 8.190144e-001 3.300000e+000
      endloop
   endfacet
   facet normal 9.135259e-001 -4.067805e-001 0.000000e+000
      outer loop
         vertex 2.923651e+001 8.190144e-001 3.300000e+000
         vertex 2.923651e+001 8.190144e-001 3.000000e+000
         vertex 2.932658e+001 1.036474e+000 3.000000e+000
      endloop
   endfacet
   facet normal 9.335976e-001 -3.583232e-001 0.000000e+000
      outer loop
         vertex 2.923651e+001 8.190144e-001 3.300000e+000
         vertex 2.932658e+001 1.036474e+000 3.000000e+000
         vertex 2.932658e+001 1.036474e+000 3.300000e+000
      endloop
   endfacet
   facet normal 9.659134e-001 -2.588653e-001 0.000000e+000
      outer loop
         vertex 2.932658e+001 1.036474e+000 3.300000e+000
         vertex 2.932658e+001 1.036474e+000 3.000000e+000
         vertex 2.938153e+001 1.265347e+000 3.000000e+000
      endloop
   endfacet
   facet normal 9.781575e-001 -2.078648e-001 0.000000e+000
      outer loop
         vertex 2.932658e+001 1.036474e+000 3.300000e+000
         vertex 2.938153e+001 1.265347e+000 3.000000e+000
         vertex 2.938153e+001 1.265347e+000 3.300000e+000
      endloop
   endfacet
   facet normal 9.945168e-001 -1.045761e-001 0.000000e+000
      outer loop
         vertex 2.938153e+001 1.265347e+000 3.300000e+000
         vertex 2.938153e+001 1.265347e+000 3.000000e+000
         vertex 2.940000e+001 1.499999e+000 3.000000e+000
      endloop
   endfacet
   facet normal 9.986320e-001 -5.228807e-002 0.000000e+000
      outer loop
         vertex 2.938153e+001 1.265347e+000 3.300000e+000
         vertex 2.940000e+001 1.499999e+000 3.000000e+000
         vertex 2.940000e+001 1.499999e+000 3.300000e+000
      endloop
   endfacet
   facet normal -5.736097e-002 9.850085e-001 1.626893e-001
      outer loop
         vertex 1.500000e+000 3.788034e+001 3.508037e+000
         vertex 1.500000e+000 3.788523e+001 3.487721e+000
         vertex 1.242093e+000 3.786266e+001 3.487721e+000
      endloop
   endfacet
   facet normal -9.625840e-001 5.534232e-002 2.652721e-001
      outer loop
         vertex 1.965091e-002 3.640000e+001 3.508037e+000
         vertex 5.873200e-002 3.640000e+001 3.670820e+000
         vertex 8.062832e-002 3.665027e+001 3.670820e+000
      endloop
   endfacet
   facet normal -5.522509e-002 9.454650e-001 3.210081e-001
      outer loop
         vertex 1.500000e+000 3.782527e+001 3.709446e+000
         vertex 1.500000e+000 3.784127e+001 3.670820e+000
         vertex 1.249727e+000 3.781937e+001 3.670820e+000
      endloop
   endfacet
   facet normal -9.067435e-001 5.180298e-002 4.184886e-001
      outer loop
         vertex 7.473119e-002 3.640000e+001 3.709446e+000
         vertex 1.307921e-001 3.640000e+001 3.844789e+000
         vertex 1.515932e-001 3.663776e+001 3.844789e+000
      endloop
   endfacet
   facet normal -5.172652e-002 8.807784e-001 4.706951e-001
      outer loop
         vertex 1.500000e+000 3.773643e+001 3.898282e+000
         vertex 1.500000e+000 3.776921e+001 3.844789e+000
         vertex 1.262239e+000 3.774841e+001 3.844789e+000
      endloop
   endfacet
   facet normal -8.268394e-001 4.699319e-002 5.604715e-001
      outer loop
         vertex 1.635728e-001 3.640000e+001 3.898282e+000
         vertex 2.291799e-001 3.640000e+001 4.005342e+000
         vertex 2.484862e-001 3.662068e+001 4.005342e+000
      endloop
   endfacet
   facet normal -4.695468e-002 7.927384e-001 6.077508e-001
      outer loop
         vertex 1.500000e+000 3.761648e+001 4.068973e+000
         vertex 1.500000e+000 3.767082e+001 4.005342e+000
         vertex 1.279324e+000 3.765151e+001 4.005342e+000
      endloop
   endfacet
   facet normal -7.250684e-001 4.103629e-002 6.874532e-001
      outer loop
         vertex 2.835244e-001 3.640000e+001 4.068973e+000
         vertex 3.514718e-001 3.640000e+001 4.148528e+000
         vertex 3.689201e-001 3.659944e+001 4.148528e+000
      endloop
   endfacet
   facet normal -4.103022e-002 6.837617e-001 7.285509e-001
      outer loop
         vertex 1.500000e+000 3.746897e+001 4.216475e+000
         vertex 1.500000e+000 3.754853e+001 4.148528e+000
         vertex 1.300560e+000 3.753108e+001 4.148528e+000
      endloop
   endfacet
   facet normal -6.042014e-001 3.408271e-002 7.961023e-001
      outer loop
         vertex 4.310273e-001 3.640000e+001 4.216475e+000
         vertex 4.946580e-001 3.640000e+001 4.270821e+000
         vertex 5.099308e-001 3.657457e+001 4.270821e+000
      endloop
   endfacet
   facet normal -3.410107e-002 5.568073e-001 8.299413e-001
      outer loop
         vertex 1.500000e+000 3.729828e+001 4.336427e+000
         vertex 1.500000e+000 3.740534e+001 4.270821e+000
         vertex 1.325424e+000 3.739007e+001 4.270821e+000
      endloop
   endfacet
   facet normal -4.674912e-001 2.630544e-002 8.836063e-001
      outer loop
         vertex 6.017182e-001 3.640000e+001 4.336427e+000
         vertex 6.552115e-001 3.640000e+001 4.369208e+000
         vertex 6.680461e-001 3.654670e+001 4.369208e+000
      endloop
   endfacet
   facet normal -2.633803e-002 4.152821e-001 9.093113e-001
      outer loop
         vertex 1.500000e+000 3.710944e+001 4.425269e+000
         vertex 1.500000e+000 3.724479e+001 4.369208e+000
         vertex 1.353304e+000 3.723195e+001 4.369208e+000
      endloop
   endfacet
   facet normal -3.185751e-001 1.789523e-002 9.477287e-001
      outer loop
         vertex 7.905541e-001 3.640000e+001 4.425269e+000
         vertex 8.291798e-001 3.640000e+001 4.441268e+000
         vertex 8.393712e-001 3.651649e+001 4.441268e+000
      endloop
   endfacet
   facet normal -1.793013e-002 2.629410e-001 9.646453e-001
      outer loop
         vertex 1.500000e+000 3.690804e+001 4.480349e+000
         vertex 1.500000e+000 3.707082e+001 4.441268e+000
         vertex 1.383513e+000 3.706063e+001 4.441268e+000
      endloop
   endfacet
   facet normal -1.613752e-001 9.055947e-003 9.868516e-001
      outer loop
         vertex 9.919629e-001 3.640000e+001 4.480349e+000
         vertex 1.012279e+000 3.640000e+001 4.485226e+000
         vertex 1.019688e+000 3.648469e+001 4.485226e+000
      endloop
   endfacet
   facet normal 5.119911e-017 5.228807e-002 9.986320e-001
      outer loop
         vertex 1.500000e+000 3.670000e+001 4.500000e+000
         vertex 1.500000e+000 3.688772e+001 4.485226e+000
         vertex 1.447906e+000 3.669544e+001 4.500000e+000
      endloop
   endfacet
   facet normal -9.080106e-003 1.037861e-001 9.945582e-001
      outer loop
         vertex 1.447906e+000 3.669544e+001 4.500000e+000
         vertex 1.500000e+000 3.688772e+001 4.485226e+000
         vertex 1.415308e+000 3.688031e+001 4.485226e+000
      endloop
   endfacet
   facet normal -9.079729e-003 5.149370e-002 9.986320e-001
      outer loop
         vertex 1.447906e+000 3.669544e+001 4.500000e+000
         vertex 1.415308e+000 3.688031e+001 4.485226e+000
         vertex 1.397394e+000 3.668190e+001 4.500000e+000
      endloop
   endfacet
   facet normal -2.696443e-002 1.006326e-001 9.945582e-001
      outer loop
         vertex 1.397394e+000 3.668190e+001 4.500000e+000
         vertex 1.415308e+000 3.688031e+001 4.485226e+000
         vertex 1.333189e+000 3.685831e+001 4.485226e+000
      endloop
   endfacet
   facet normal -1.788357e-002 4.913472e-002 9.986320e-001
      outer loop
         vertex 1.397394e+000 3.668190e+001 4.500000e+000
         vertex 1.333189e+000 3.685831e+001 4.485226e+000
         vertex 1.350000e+000 3.665981e+001 4.500000e+000
      endloop
   endfacet
   facet normal -4.402944e-002 9.442145e-002 9.945582e-001
      outer loop
         vertex 1.350000e+000 3.665981e+001 4.500000e+000
         vertex 1.333189e+000 3.685831e+001 4.485226e+000
         vertex 1.256139e+000 3.682238e+001 4.485226e+000
      endloop
   endfacet
   facet normal -2.614404e-002 4.528280e-002 9.986320e-001
      outer loop
         vertex 1.350000e+000 3.665981e+001 4.500000e+000
         vertex 1.256139e+000 3.682238e+001 4.485226e+000
         vertex 1.307163e+000 3.662981e+001 4.500000e+000
      endloop
   endfacet
   facet normal -5.975665e-002 8.534133e-002 9.945582e-001
      outer loop
         vertex 1.307163e+000 3.662981e+001 4.500000e+000
         vertex 1.256139e+000 3.682238e+001 4.485226e+000
         vertex 1.186498e+000 3.677361e+001 4.485226e+000
      endloop
   endfacet
   facet normal -3.361013e-002 4.005498e-002 9.986320e-001
      outer loop
         vertex 1.307163e+000 3.662981e+001 4.500000e+000
         vertex 1.186498e+000 3.677361e+001 4.485226e+000
         vertex 1.270187e+000 3.659283e+001 4.500000e+000
      endloop
   endfacet
   facet normal -7.366818e-002 7.366818e-002 9.945582e-001
      outer loop
         vertex 1.270187e+000 3.659283e+001 4.500000e+000
         vertex 1.186498e+000 3.677361e+001 4.485226e+000
         vertex 1.126383e+000 3.671350e+001 4.485226e+000
      endloop
   endfacet
   facet normal -4.005498e-002 3.361013e-002 9.986320e-001
      outer loop
         vertex 1.270187e+000 3.659283e+001 4.500000e+000
         vertex 1.126383e+000 3.671350e+001 4.485226e+000
         vertex 1.240192e+000 3.655000e+001 4.500000e+000
      endloop
   endfacet
   facet normal -8.534133e-002 5.975665e-002 9.945582e-001
      outer loop
         vertex 1.240192e+000 3.655000e+001 4.500000e+000
         vertex 1.126383e+000 3.671350e+001 4.485226e+000
         vertex 1.077621e+000 3.664386e+001 4.485226e+000
      endloop
   endfacet
   facet normal -4.528280e-002 2.614404e-002 9.986320e-001
      outer loop
         vertex 1.240192e+000 3.655000e+001 4.500000e+000
         vertex 1.077621e+000 3.664386e+001 4.485226e+000
         vertex 1.218093e+000 3.650261e+001 4.500000e+000
      endloop
   endfacet
   facet normal -9.442145e-002 4.402944e-002 9.945582e-001
      outer loop
         vertex 1.218093e+000 3.650261e+001 4.500000e+000
         vertex 1.077621e+000 3.664386e+001 4.485226e+000
         vertex 1.041692e+000 3.656681e+001 4.485226e+000
      endloop
   endfacet
   facet normal -4.913472e-002 1.788357e-002 9.986320e-001
      outer loop
         vertex 1.218093e+000 3.650261e+001 4.500000e+000
         vertex 1.041692e+000 3.656681e+001 4.485226e+000
         vertex 1.204558e+000 3.645209e+001 4.500000e+000
      endloop
   endfacet
   facet normal -1.006326e-001 2.696443e-002 9.945582e-001
      outer loop
         vertex 1.204558e+000 3.645209e+001 4.500000e+000
         vertex 1.041692e+000 3.656681e+001 4.485226e+000
         vertex 1.019688e+000 3.648469e+001 4.485226e+000
      endloop
   endfacet
   facet normal -5.149370e-002 9.079729e-003 9.986320e-001
      outer loop
         vertex 1.204558e+000 3.645209e+001 4.500000e+000
         vertex 1.019688e+000 3.648469e+001 4.485226e+000
         vertex 1.200000e+000 3.640000e+001 4.500000e+000
      endloop
   endfacet
   facet normal -1.037861e-001 9.080106e-003 9.945582e-001
      outer loop
         vertex 1.200000e+000 3.640000e+001 4.500000e+000
         vertex 1.019688e+000 3.648469e+001 4.485226e+000
         vertex 1.012279e+000 3.640000e+001 4.485226e+000
      endloop
   endfacet
   facet normal -9.055947e-003 1.613752e-001 9.868516e-001
      outer loop
         vertex 1.500000e+000 3.688772e+001 4.485226e+000
         vertex 1.500000e+000 3.690804e+001 4.480349e+000
         vertex 1.415308e+000 3.688031e+001 4.485226e+000
      endloop
   endfacet
   facet normal -2.701202e-002 2.112023e-001 9.770691e-001
      outer loop
         vertex 1.415308e+000 3.688031e+001 4.485226e+000
         vertex 1.500000e+000 3.690804e+001 4.480349e+000
         vertex 1.383513e+000 3.706063e+001 4.441268e+000
      endloop
   endfacet
   facet normal -4.490473e-002 2.023729e-001 9.782785e-001
      outer loop
         vertex 1.415308e+000 3.688031e+001 4.485226e+000
         vertex 1.383513e+000 3.706063e+001 4.441268e+000
         vertex 1.333189e+000 3.685831e+001 4.485226e+000
      endloop
   endfacet
   facet normal -7.116362e-002 2.479743e-001 9.661493e-001
      outer loop
         vertex 1.333189e+000 3.685831e+001 4.485226e+000
         vertex 1.383513e+000 3.706063e+001 4.441268e+000
         vertex 1.270566e+000 3.703036e+001 4.441268e+000
      endloop
   endfacet
   facet normal -7.936422e-002 1.915008e-001 9.782785e-001
      outer loop
         vertex 1.333189e+000 3.685831e+001 4.485226e+000
         vertex 1.270566e+000 3.703036e+001 4.441268e+000
         vertex 1.256139e+000 3.682238e+001 4.485226e+000
      endloop
   endfacet
   facet normal -1.131428e-001 2.318496e-001 9.661493e-001
      outer loop
         vertex 1.256139e+000 3.682238e+001 4.485226e+000
         vertex 1.270566e+000 3.703036e+001 4.441268e+000
         vertex 1.164590e+000 3.698095e+001 4.441268e+000
      endloop
   endfacet
   facet normal -1.114123e-001 1.748100e-001 9.782785e-001
      outer loop
         vertex 1.256139e+000 3.682238e+001 4.485226e+000
         vertex 1.164590e+000 3.698095e+001 4.441268e+000
         vertex 1.186498e+000 3.677361e+001 4.485226e+000
      endloop
   endfacet
   facet normal -1.516842e-001 2.086802e-001 9.661493e-001
      outer loop
         vertex 1.186498e+000 3.677361e+001 4.485226e+000
         vertex 1.164590e+000 3.698095e+001 4.441268e+000
         vertex 1.068805e+000 3.691388e+001 4.441268e+000
      endloop
   endfacet
   facet normal -1.400751e-001 1.528077e-001 9.782785e-001
      outer loop
         vertex 1.186498e+000 3.677361e+001 4.485226e+000
         vertex 1.068805e+000 3.691388e+001 4.441268e+000
         vertex 1.126383e+000 3.671350e+001 4.485226e+000
      endloop
   endfacet
   facet normal -1.856167e-001 1.791702e-001 9.661493e-001
      outer loop
         vertex 1.126383e+000 3.671350e+001 4.485226e+000
         vertex 1.068805e+000 3.691388e+001 4.441268e+000
         vertex 9.861216e-001 3.683119e+001 4.441268e+000
      endloop
   endfacet
   facet normal -1.644818e-001 1.261624e-001 9.782785e-001
      outer loop
         vertex 1.126383e+000 3.671350e+001 4.485226e+000
         vertex 9.861216e-001 3.683119e+001 4.441268e+000
         vertex 1.077621e+000 3.664386e+001 4.485226e+000
      endloop
   endfacet
   facet normal -2.139093e-001 1.442162e-001 9.661493e-001
      outer loop
         vertex 1.077621e+000 3.664386e+001 4.485226e+000
         vertex 9.861216e-001 3.683119e+001 4.441268e+000
         vertex 9.190524e-001 3.673541e+001 4.441268e+000
      endloop
   endfacet
   facet normal -1.838908e-001 9.568377e-002 9.782785e-001
      outer loop
         vertex 1.077621e+000 3.664386e+001 4.485226e+000
         vertex 9.190524e-001 3.673541e+001 4.441268e+000
         vertex 1.041692e+000 3.656681e+001 4.485226e+000
      endloop
   endfacet
   facet normal -2.357024e-001 1.048803e-001 9.661493e-001
      outer loop
         vertex 1.041692e+000 3.656681e+001 4.485226e+000
         vertex 9.190524e-001 3.673541e+001 4.441268e+000
         vertex 8.696346e-001 3.662943e+001 4.441268e+000
      endloop
   endfacet
   facet normal -1.977124e-001 6.229781e-002 9.782785e-001
      outer loop
         vertex 1.041692e+000 3.656681e+001 4.485226e+000
         vertex 8.696346e-001 3.662943e+001 4.441268e+000
         vertex 1.019688e+000 3.648469e+001 4.485226e+000
      endloop
   endfacet
   facet normal -2.503338e-001 6.235763e-002 9.661493e-001
      outer loop
         vertex 1.019688e+000 3.648469e+001 4.485226e+000
         vertex 8.696346e-001 3.662943e+001 4.441268e+000
         vertex 8.393712e-001 3.651649e+001 4.441268e+000
      endloop
   endfacet
   facet normal -2.112023e-001 2.701202e-002 9.770691e-001
      outer loop
         vertex 1.019688e+000 3.648469e+001 4.485226e+000
         vertex 8.393712e-001 3.651649e+001 4.441268e+000
         vertex 9.919629e-001 3.640000e+001 4.480349e+000
      endloop
   endfacet
   facet normal -2.629410e-001 1.793013e-002 9.646453e-001
      outer loop
         vertex 9.919629e-001 3.640000e+001 4.480349e+000
         vertex 8.393712e-001 3.651649e+001 4.441268e+000
         vertex 8.291798e-001 3.640000e+001 4.441268e+000
      endloop
   endfacet
   facet normal -1.789523e-002 3.185751e-001 9.477287e-001
      outer loop
         vertex 1.500000e+000 3.707082e+001 4.441268e+000
         vertex 1.500000e+000 3.710944e+001 4.425269e+000
         vertex 1.383513e+000 3.706063e+001 4.441268e+000
      endloop
   endfacet
   facet normal -4.428492e-002 3.654393e-001 9.297811e-001
      outer loop
         vertex 1.383513e+000 3.706063e+001 4.441268e+000
         vertex 1.500000e+000 3.710944e+001 4.425269e+000
         vertex 1.353304e+000 3.723195e+001 4.369208e+000
      endloop
   endfacet
   facet normal -7.964496e-002 3.483590e-001 9.339715e-001
      outer loop
         vertex 1.383513e+000 3.706063e+001 4.441268e+000
         vertex 1.353304e+000 3.723195e+001 4.369208e+000
         vertex 1.270566e+000 3.703036e+001 4.441268e+000
      endloop
   endfacet
   facet normal -1.136442e-001 3.893236e-001 9.140635e-001
      outer loop
         vertex 1.270566e+000 3.703036e+001 4.441268e+000
         vertex 1.353304e+000 3.723195e+001 4.369208e+000
         vertex 1.211065e+000 3.719384e+001 4.369208e+000
      endloop
   endfacet
   facet normal -1.389269e-001 3.292364e-001 9.339715e-001
      outer loop
         vertex 1.270566e+000 3.703036e+001 4.441268e+000
         vertex 1.211065e+000 3.719384e+001 4.369208e+000
         vertex 1.164590e+000 3.698095e+001 4.441268e+000
      endloop
   endfacet
   facet normal -1.795230e-001 3.636748e-001 9.140635e-001
      outer loop
         vertex 1.164590e+000 3.698095e+001 4.441268e+000
         vertex 1.211065e+000 3.719384e+001 4.369208e+000
         vertex 1.077605e+000 3.713161e+001 4.369208e+000
      endloop
   endfacet
   facet normal -1.939876e-001 3.001102e-001 9.339715e-001
      outer loop
         vertex 1.164590e+000 3.698095e+001 4.441268e+000
         vertex 1.077605e+000 3.713161e+001 4.369208e+000
         vertex 1.068805e+000 3.691388e+001 4.441268e+000
      endloop
   endfacet
   facet normal -2.399471e-001 3.269759e-001 9.140635e-001
      outer loop
         vertex 1.068805e+000 3.691388e+001 4.441268e+000
         vertex 1.077605e+000 3.713161e+001 4.369208e+000
         vertex 9.569805e-001 3.704715e+001 4.369208e+000
      endloop
   endfacet
   facet normal -2.431541e-001 2.618653e-001 9.339715e-001
      outer loop
         vertex 1.068805e+000 3.691388e+001 4.441268e+000
         vertex 9.569805e-001 3.704715e+001 4.369208e+000
         vertex 9.861216e-001 3.683119e+001 4.441268e+000
      endloop
   endfacet
   facet normal -2.930805e-001 2.803420e-001 9.140635e-001
      outer loop
         vertex 9.861216e-001 3.683119e+001 4.441268e+000
         vertex 9.569805e-001 3.704715e+001 4.369208e+000
         vertex 8.528540e-001 3.694302e+001 4.369208e+000
      endloop
   endfacet
   facet normal -2.849324e-001 2.156637e-001 9.339715e-001
      outer loop
         vertex 9.861216e-001 3.683119e+001 4.441268e+000
         vertex 8.528540e-001 3.694302e+001 4.369208e+000
         vertex 9.190524e-001 3.673541e+001 4.441268e+000
      endloop
   endfacet
   facet normal -3.373089e-001 2.251901e-001 9.140635e-001
      outer loop
         vertex 9.190524e-001 3.673541e+001 4.441268e+000
         vertex 8.528540e-001 3.694302e+001 4.369208e+000
         vertex 7.683914e-001 3.682240e+001 4.369208e+000
      endloop
   endfacet
   facet normal -3.180533e-001 1.629093e-001 9.339715e-001
      outer loop
         vertex 9.190524e-001 3.673541e+001 4.441268e+000
         vertex 7.683914e-001 3.682240e+001 4.369208e+000
         vertex 8.696346e-001 3.662943e+001 4.441268e+000
      endloop
   endfacet
   facet normal -3.712883e-001 1.631959e-001 9.140635e-001
      outer loop
         vertex 8.696346e-001 3.662943e+001 4.441268e+000
         vertex 7.683914e-001 3.682240e+001 4.369208e+000
         vertex 7.061586e-001 3.668893e+001 4.369208e+000
      endloop
   endfacet
   facet normal -3.415102e-001 1.052050e-001 9.339715e-001
      outer loop
         vertex 8.696346e-001 3.662943e+001 4.441268e+000
         vertex 7.061586e-001 3.668893e+001 4.369208e+000
         vertex 8.393712e-001 3.651649e+001 4.441268e+000
      endloop
   endfacet
   facet normal -3.939862e-001 9.624304e-002 9.140635e-001
      outer loop
         vertex 8.393712e-001 3.651649e+001 4.441268e+000
         vertex 7.061586e-001 3.668893e+001 4.369208e+000
         vertex 6.680461e-001 3.654670e+001 4.369208e+000
      endloop
   endfacet
   facet normal -3.654394e-001 4.428492e-002 9.297811e-001
      outer loop
         vertex 8.393712e-001 3.651649e+001 4.441268e+000
         vertex 6.680461e-001 3.654670e+001 4.369208e+000
         vertex 7.905541e-001 3.640000e+001 4.425269e+000
      endloop
   endfacet
   facet normal -4.152821e-001 2.633803e-002 9.093113e-001
      outer loop
         vertex 7.905541e-001 3.640000e+001 4.425269e+000
         vertex 6.680461e-001 3.654670e+001 4.369208e+000
         vertex 6.552115e-001 3.640000e+001 4.369208e+000
      endloop
   endfacet
   facet normal -2.630544e-002 4.674912e-001 8.836063e-001
      outer loop
         vertex 1.500000e+000 3.724479e+001 4.369208e+000
         vertex 1.500000e+000 3.729828e+001 4.336427e+000
         vertex 1.353304e+000 3.723195e+001 4.369208e+000
      endloop
   endfacet
   facet normal -6.048305e-002 5.101660e-001 8.579466e-001
      outer loop
         vertex 1.353304e+000 3.723195e+001 4.369208e+000
         vertex 1.500000e+000 3.729828e+001 4.336427e+000
         vertex 1.325424e+000 3.739007e+001 4.270821e+000
      endloop
   endfacet
   facet normal -1.124569e-001 4.859071e-001 8.667455e-001
      outer loop
         vertex 1.353304e+000 3.723195e+001 4.369208e+000
         vertex 1.325424e+000 3.739007e+001 4.270821e+000
         vertex 1.211065e+000 3.719384e+001 4.369208e+000
      endloop
   endfacet
   facet normal -1.533713e-001 5.212367e-001 8.395175e-001
      outer loop
         vertex 1.211065e+000 3.719384e+001 4.369208e+000
         vertex 1.325424e+000 3.739007e+001 4.270821e+000
         vertex 1.156152e+000 3.734471e+001 4.270821e+000
      endloop
   endfacet
   facet normal -1.951254e-001 4.589972e-001 8.667455e-001
      outer loop
         vertex 1.211065e+000 3.719384e+001 4.369208e+000
         vertex 1.156152e+000 3.734471e+001 4.270821e+000
         vertex 1.077605e+000 3.713161e+001 4.369208e+000
      endloop
   endfacet
   facet normal -2.415530e-001 4.866853e-001 8.395175e-001
      outer loop
         vertex 1.077605e+000 3.713161e+001 4.369208e+000
         vertex 1.156152e+000 3.734471e+001 4.270821e+000
         vertex 9.973291e-001 3.727065e+001 4.270821e+000
      endloop
   endfacet
   facet normal -2.718650e-001 4.181408e-001 8.667455e-001
      outer loop
         vertex 1.077605e+000 3.713161e+001 4.369208e+000
         vertex 9.973291e-001 3.727065e+001 4.270821e+000
         vertex 9.569805e-001 3.704715e+001 4.369208e+000
      endloop
   endfacet
   facet normal -3.223953e-001 4.373462e-001 8.395175e-001
      outer loop
         vertex 9.569805e-001 3.704715e+001 4.369208e+000
         vertex 9.973291e-001 3.727065e+001 4.270821e+000
         vertex 8.537788e-001 3.717014e+001 4.270821e+000
      endloop
   endfacet
   facet normal -3.403441e-001 3.645795e-001 8.667455e-001
      outer loop
         vertex 9.569805e-001 3.704715e+001 4.369208e+000
         vertex 8.537788e-001 3.717014e+001 4.270821e+000
         vertex 8.528540e-001 3.694302e+001 4.369208e+000
      endloop
   endfacet
   facet normal -3.934418e-001 3.747186e-001 8.395175e-001
      outer loop
         vertex 8.528540e-001 3.694302e+001 4.369208e+000
         vertex 8.537788e-001 3.717014e+001 4.270821e+000
         vertex 7.298635e-001 3.704622e+001 4.270821e+000
      endloop
   endfacet
   facet normal -3.984821e-001 2.999405e-001 8.667455e-001
      outer loop
         vertex 8.528540e-001 3.694302e+001 4.369208e+000
         vertex 7.298635e-001 3.704622e+001 4.270821e+000
         vertex 7.683914e-001 3.682240e+001 4.369208e+000
      endloop
   endfacet
   facet normal -4.525337e-001 3.007053e-001 8.395175e-001
      outer loop
         vertex 7.683914e-001 3.682240e+001 4.369208e+000
         vertex 7.298635e-001 3.704622e+001 4.270821e+000
         vertex 6.293477e-001 3.690267e+001 4.270821e+000
      endloop
   endfacet
   facet normal -4.445124e-001 2.261881e-001 8.667455e-001
      outer loop
         vertex 7.683914e-001 3.682240e+001 4.369208e+000
         vertex 6.293477e-001 3.690267e+001 4.270821e+000
         vertex 7.061586e-001 3.668893e+001 4.369208e+000
      endloop
   endfacet
   facet normal -4.978756e-001 2.175553e-001 8.395175e-001
      outer loop
         vertex 7.061586e-001 3.668893e+001 4.369208e+000
         vertex 6.293477e-001 3.690267e+001 4.270821e+000
         vertex 5.552871e-001 3.674385e+001 4.270821e+000
      endloop
   endfacet
   facet normal -4.770364e-001 1.455630e-001 8.667455e-001
      outer loop
         vertex 7.061586e-001 3.668893e+001 4.369208e+000
         vertex 5.552871e-001 3.674385e+001 4.270821e+000
         vertex 6.680461e-001 3.654670e+001 4.369208e+000
      endloop
   endfacet
   facet normal -5.280899e-001 1.277949e-001 8.395175e-001
      outer loop
         vertex 6.680461e-001 3.654670e+001 4.369208e+000
         vertex 5.552871e-001 3.674385e+001 4.270821e+000
         vertex 5.099308e-001 3.657457e+001 4.270821e+000
      endloop
   endfacet
   facet normal -5.101660e-001 6.048305e-002 8.579466e-001
      outer loop
         vertex 6.680461e-001 3.654670e+001 4.369208e+000
         vertex 5.099308e-001 3.657457e+001 4.270821e+000
         vertex 6.017182e-001 3.640000e+001 4.336427e+000
      endloop
   endfacet
   facet normal -5.568073e-001 3.410107e-002 8.299414e-001
      outer loop
         vertex 6.017182e-001 3.640000e+001 4.336427e+000
         vertex 5.099308e-001 3.657457e+001 4.270821e+000
         vertex 4.946580e-001 3.640000e+001 4.270821e+000
      endloop
   endfacet
   facet normal -3.408271e-002 6.042014e-001 7.961023e-001
      outer loop
         vertex 1.500000e+000 3.740534e+001 4.270821e+000
         vertex 1.500000e+000 3.746897e+001 4.216475e+000
         vertex 1.325424e+000 3.739007e+001 4.270821e+000
      endloop
   endfacet
   facet normal -7.521306e-002 6.415567e-001 7.633793e-001
      outer loop
         vertex 1.325424e+000 3.739007e+001 4.270821e+000
         vertex 1.500000e+000 3.746897e+001 4.216475e+000
         vertex 1.300560e+000 3.753108e+001 4.148528e+000
      endloop
   endfacet
   facet normal -1.425376e-001 6.116499e-001 7.781821e-001
      outer loop
         vertex 1.325424e+000 3.739007e+001 4.270821e+000
         vertex 1.300560e+000 3.753108e+001 4.148528e+000
         vertex 1.156152e+000 3.734471e+001 4.270821e+000
      endloop
   endfacet
   facet normal -1.893682e-001 6.404697e-001 7.442703e-001
      outer loop
         vertex 1.156152e+000 3.734471e+001 4.270821e+000
         vertex 1.300560e+000 3.753108e+001 4.148528e+000
         vertex 1.107180e+000 3.747926e+001 4.148528e+000
      endloop
   endfacet
   facet normal -2.465840e-001 5.776063e-001 7.781821e-001
      outer loop
         vertex 1.156152e+000 3.734471e+001 4.270821e+000
         vertex 1.107180e+000 3.747926e+001 4.148528e+000
         vertex 9.973291e-001 3.727065e+001 4.270821e+000
      endloop
   endfacet
   facet normal -2.977076e-001 5.978560e-001 7.442703e-001
      outer loop
         vertex 9.973291e-001 3.727065e+001 4.270821e+000
         vertex 1.107180e+000 3.747926e+001 4.148528e+000
         vertex 9.257356e-001 3.739465e+001 4.148528e+000
      endloop
   endfacet
   facet normal -3.431382e-001 5.260122e-001 7.781820e-001
      outer loop
         vertex 9.973291e-001 3.727065e+001 4.270821e+000
         vertex 9.257356e-001 3.739465e+001 4.148528e+000
         vertex 8.537788e-001 3.717014e+001 4.270821e+000
      endloop
   endfacet
   facet normal -3.970014e-001 5.370769e-001 7.442703e-001
      outer loop
         vertex 8.537788e-001 3.717014e+001 4.270821e+000
         vertex 9.257356e-001 3.739465e+001 4.148528e+000
         vertex 7.617399e-001 3.727982e+001 4.148528e+000
      endloop
   endfacet
   facet normal -4.292662e-001 4.584356e-001 7.781821e-001
      outer loop
         vertex 8.537788e-001 3.717014e+001 4.270821e+000
         vertex 7.617399e-001 3.727982e+001 4.148528e+000
         vertex 7.298635e-001 3.704622e+001 4.270821e+000
      endloop
   endfacet
   facet normal -4.842325e-001 4.599789e-001 7.442703e-001
      outer loop
         vertex 7.298635e-001 3.704622e+001 4.270821e+000
         vertex 7.617399e-001 3.727982e+001 4.148528e+000
         vertex 6.201761e-001 3.713826e+001 4.148528e+000
      endloop
   endfacet
   facet normal -5.023512e-001 3.769297e-001 7.781821e-001
      outer loop
         vertex 7.298635e-001 3.704622e+001 4.270821e+000
         vertex 6.201761e-001 3.713826e+001 4.148528e+000
         vertex 6.293477e-001 3.690267e+001 4.270821e+000
      endloop
   endfacet
   facet normal -5.567504e-001 3.689047e-001 7.442703e-001
      outer loop
         vertex 6.293477e-001 3.690267e+001 4.270821e+000
         vertex 6.201761e-001 3.713826e+001 4.148528e+000
         vertex 5.053459e-001 3.697426e+001 4.148528e+000
      endloop
   endfacet
   facet normal -5.601725e-001 2.839709e-001 7.781821e-001
      outer loop
         vertex 6.293477e-001 3.690267e+001 4.270821e+000
         vertex 5.053459e-001 3.697426e+001 4.148528e+000
         vertex 5.552871e-001 3.674385e+001 4.270821e+000
      endloop
   endfacet
   facet normal -6.123518e-001 2.666215e-001 7.442703e-001
      outer loop
         vertex 5.552871e-001 3.674385e+001 4.270821e+000
         vertex 5.053459e-001 3.697426e+001 4.148528e+000
         vertex 4.207361e-001 3.679282e+001 4.148528e+000
      endloop
   endfacet
   facet normal -6.009732e-001 1.823838e-001 7.781821e-001
      outer loop
         vertex 5.552871e-001 3.674385e+001 4.270821e+000
         vertex 4.207361e-001 3.679282e+001 4.148528e+000
         vertex 5.099308e-001 3.657457e+001 4.270821e+000
      endloop
   endfacet
   facet normal -6.493471e-001 1.562372e-001 7.442703e-001
      outer loop
         vertex 5.099308e-001 3.657457e+001 4.270821e+000
         vertex 4.207361e-001 3.679282e+001 4.148528e+000
         vertex 3.689201e-001 3.659944e+001 4.148528e+000
      endloop
   endfacet
   facet normal -6.415567e-001 7.521306e-002 7.633793e-001
      outer loop
         vertex 5.099308e-001 3.657457e+001 4.270821e+000
         vertex 3.689201e-001 3.659944e+001 4.148528e+000
         vertex 4.310273e-001 3.640000e+001 4.216475e+000
      endloop
   endfacet
   facet normal -6.837617e-001 4.103022e-002 7.285509e-001
      outer loop
         vertex 4.310273e-001 3.640000e+001 4.216475e+000
         vertex 3.689201e-001 3.659944e+001 4.148528e+000
         vertex 3.514718e-001 3.640000e+001 4.148528e+000
      endloop
   endfacet
   facet normal -4.103629e-002 7.250684e-001 6.874532e-001
      outer loop
         vertex 1.500000e+000 3.754853e+001 4.148528e+000
         vertex 1.500000e+000 3.761648e+001 4.068973e+000
         vertex 1.300560e+000 3.753108e+001 4.148528e+000
      endloop
   endfacet
   facet normal -8.811249e-002 7.560979e-001 6.485000e-001
      outer loop
         vertex 1.300560e+000 3.753108e+001 4.148528e+000
         vertex 1.500000e+000 3.761648e+001 4.068973e+000
         vertex 1.279324e+000 3.765151e+001 4.005342e+000
      endloop
   endfacet
   facet normal -1.691429e-001 7.224761e-001 6.703872e-001
      outer loop
         vertex 1.300560e+000 3.753108e+001 4.148528e+000
         vertex 1.279324e+000 3.765151e+001 4.005342e+000
         vertex 1.107180e+000 3.747926e+001 4.148528e+000
      endloop
   endfacet
   facet normal -2.207399e-001 7.440570e-001 6.305974e-001
      outer loop
         vertex 1.107180e+000 3.747926e+001 4.148528e+000
         vertex 1.279324e+000 3.765151e+001 4.005342e+000
         vertex 1.065354e+000 3.759418e+001 4.005342e+000
      endloop
   endfacet
   facet normal -2.920299e-001 6.821287e-001 6.703872e-001
      outer loop
         vertex 1.107180e+000 3.747926e+001 4.148528e+000
         vertex 1.065354e+000 3.759418e+001 4.005342e+000
         vertex 9.257356e-001 3.739465e+001 4.148528e+000
      endloop
   endfacet
   facet normal -3.465905e-001 6.944221e-001 6.305974e-001
      outer loop
         vertex 9.257356e-001 3.739465e+001 4.148528e+000
         vertex 1.065354e+000 3.759418e+001 4.005342e+000
         vertex 8.645896e-001 3.750056e+001 4.005342e+000
      endloop
   endfacet
   facet normal -4.060437e-001 6.210551e-001 6.703872e-001
      outer loop
         vertex 9.257356e-001 3.739465e+001 4.148528e+000
         vertex 8.645896e-001 3.750056e+001 4.005342e+000
         vertex 7.617399e-001 3.727982e+001 4.148528e+000
      endloop
   endfacet
   facet normal -4.619102e-001 6.236874e-001 6.305973e-001
      outer loop
         vertex 7.617399e-001 3.727982e+001 4.148528e+000
         vertex 8.645896e-001 3.750056e+001 4.005342e+000
         vertex 6.831325e-001 3.737350e+001 4.005342e+000
      endloop
   endfacet
   facet normal -5.077201e-001 5.411112e-001 6.703872e-001
      outer loop
         vertex 7.617399e-001 3.727982e+001 4.148528e+000
         vertex 6.831325e-001 3.737350e+001 4.005342e+000
         vertex 6.201761e-001 3.713826e+001 4.148528e+000
      endloop
   endfacet
   facet normal -5.631949e-001 5.340024e-001 6.305974e-001
      outer loop
         vertex 6.201761e-001 3.713826e+001 4.148528e+000
         vertex 6.831325e-001 3.737350e+001 4.005342e+000
         vertex 5.264953e-001 3.721687e+001 4.005342e+000
      endloop
   endfacet
   facet normal -5.939696e-001 4.447258e-001 6.703872e-001
      outer loop
         vertex 6.201761e-001 3.713826e+001 4.148528e+000
         vertex 5.264953e-001 3.721687e+001 4.005342e+000
         vertex 5.053459e-001 3.697426e+001 4.148528e+000
      endloop
   endfacet
   facet normal -6.473673e-001 4.280919e-001 6.305974e-001
      outer loop
         vertex 5.053459e-001 3.697426e+001 4.148528e+000
         vertex 5.264953e-001 3.721687e+001 4.005342e+000
         vertex 3.994368e-001 3.703541e+001 4.005342e+000
      endloop
   endfacet
   facet normal -6.621718e-001 3.348277e-001 6.703872e-001
      outer loop
         vertex 5.053459e-001 3.697426e+001 4.148528e+000
         vertex 3.994368e-001 3.703541e+001 4.005342e+000
         vertex 4.207361e-001 3.679282e+001 4.148528e+000
      endloop
   endfacet
   facet normal -7.118697e-001 3.091741e-001 6.305974e-001
      outer loop
         vertex 4.207361e-001 3.679282e+001 4.148528e+000
         vertex 3.994368e-001 3.703541e+001 4.005342e+000
         vertex 3.058193e-001 3.683464e+001 4.005342e+000
      endloop
   endfacet
   facet normal -7.102541e-001 2.147560e-001 6.703872e-001
      outer loop
         vertex 4.207361e-001 3.679282e+001 4.148528e+000
         vertex 3.058193e-001 3.683464e+001 4.005342e+000
         vertex 3.689201e-001 3.659944e+001 4.148528e+000
      endloop
   endfacet
   facet normal -7.547423e-001 1.808621e-001 6.305973e-001
      outer loop
         vertex 3.689201e-001 3.659944e+001 4.148528e+000
         vertex 3.058193e-001 3.683464e+001 4.005342e+000
         vertex 2.484862e-001 3.662068e+001 4.005342e+000
      endloop
   endfacet
   facet normal -7.560979e-001 8.811249e-002 6.485000e-001
      outer loop
         vertex 3.689201e-001 3.659944e+001 4.148528e+000
         vertex 2.484862e-001 3.662068e+001 4.005342e+000
         vertex 2.835244e-001 3.640000e+001 4.068973e+000
      endloop
   endfacet
   facet normal -7.927384e-001 4.695468e-002 6.077508e-001
      outer loop
         vertex 2.835244e-001 3.640000e+001 4.068973e+000
         vertex 2.484862e-001 3.662068e+001 4.005342e+000
         vertex 2.291799e-001 3.640000e+001 4.005342e+000
      endloop
   endfacet
   facet normal -4.699319e-002 8.268394e-001 5.604715e-001
      outer loop
         vertex 1.500000e+000 3.767082e+001 4.005342e+000
         vertex 1.500000e+000 3.773643e+001 3.898282e+000
         vertex 1.279324e+000 3.765151e+001 4.005342e+000
      endloop
   endfacet
   facet normal -9.885925e-002 8.506873e-001 5.162925e-001
      outer loop
         vertex 1.279324e+000 3.765151e+001 4.005342e+000
         vertex 1.500000e+000 3.773643e+001 3.898282e+000
         vertex 1.262239e+000 3.774841e+001 3.844789e+000
      endloop
   endfacet
   facet normal -1.916069e-001 8.156101e-001 5.459552e-001
      outer loop
         vertex 1.279324e+000 3.765151e+001 4.005342e+000
         vertex 1.262239e+000 3.774841e+001 3.844789e+000
         vertex 1.065354e+000 3.759418e+001 4.005342e+000
      endloop
   endfacet
   facet normal -2.466972e-001 8.293914e-001 5.012488e-001
      outer loop
         vertex 1.065354e+000 3.759418e+001 4.005342e+000
         vertex 1.262239e+000 3.774841e+001 3.844789e+000
         vertex 1.031703e+000 3.768663e+001 3.844789e+000
      endloop
   endfacet
   facet normal -3.303252e-001 7.699469e-001 5.459552e-001
      outer loop
         vertex 1.065354e+000 3.759418e+001 4.005342e+000
         vertex 1.031703e+000 3.768663e+001 3.844789e+000
         vertex 8.645896e-001 3.750056e+001 4.005342e+000
      endloop
   endfacet
   facet normal -3.869716e-001 7.739526e-001 5.012488e-001
      outer loop
         vertex 8.645896e-001 3.750056e+001 4.005342e+000
         vertex 1.031703e+000 3.768663e+001 3.844789e+000
         vertex 8.153962e-001 3.758577e+001 3.844789e+000
      endloop
   endfacet
   facet normal -4.590066e-001 7.008893e-001 5.459552e-001
      outer loop
         vertex 8.645896e-001 3.750056e+001 4.005342e+000
         vertex 8.153962e-001 3.758577e+001 3.844789e+000
         vertex 6.831325e-001 3.737350e+001 4.005342e+000
      endloop
   endfacet
   facet normal -5.154881e-001 6.949975e-001 5.012488e-001
      outer loop
         vertex 6.831325e-001 3.737350e+001 4.005342e+000
         vertex 8.153962e-001 3.758577e+001 3.844789e+000
         vertex 6.198902e-001 3.744888e+001 3.844789e+000
      endloop
   endfacet
   facet normal -5.737415e-001 6.105356e-001 5.459552e-001
      outer loop
         vertex 6.831325e-001 3.737350e+001 4.005342e+000
         vertex 6.198902e-001 3.744888e+001 3.844789e+000
         vertex 5.264953e-001 3.721687e+001 4.005342e+000
      endloop
   endfacet
   facet normal -6.283417e-001 5.949254e-001 5.012488e-001
      outer loop
         vertex 5.264953e-001 3.721687e+001 4.005342e+000
         vertex 6.198902e-001 3.744888e+001 3.844789e+000
         vertex 4.511261e-001 3.728011e+001 3.844789e+000
      endloop
   endfacet
   facet normal -6.710434e-001 5.016310e-001 5.459552e-001
      outer loop
         vertex 5.264953e-001 3.721687e+001 4.005342e+000
         vertex 4.511261e-001 3.728011e+001 3.844789e+000
         vertex 3.994368e-001 3.703541e+001 4.005342e+000
      endloop
   endfacet
   facet normal -7.221035e-001 4.767768e-001 5.012488e-001
      outer loop
         vertex 3.994368e-001 3.703541e+001 4.005342e+000
         vertex 4.511261e-001 3.728011e+001 3.844789e+000
         vertex 3.142310e-001 3.708460e+001 3.844789e+000
      endloop
   endfacet
   facet normal -7.479561e-001 3.774846e-001 5.459552e-001
      outer loop
         vertex 3.994368e-001 3.703541e+001 4.005342e+000
         vertex 3.142310e-001 3.708460e+001 3.844789e+000
         vertex 3.058193e-001 3.683464e+001 4.005342e+000
      endloop
   endfacet
   facet normal -7.939246e-001 3.441415e-001 5.012488e-001
      outer loop
         vertex 3.058193e-001 3.683464e+001 4.005342e+000
         vertex 3.142310e-001 3.708460e+001 3.844789e+000
         vertex 2.133651e-001 3.686830e+001 3.844789e+000
      endloop
   endfacet
   facet normal -8.021425e-001 2.418686e-001 5.459552e-001
      outer loop
         vertex 3.058193e-001 3.683464e+001 4.005342e+000
         vertex 2.133651e-001 3.686830e+001 3.844789e+000
         vertex 2.484862e-001 3.662068e+001 4.005342e+000
      endloop
   endfacet
   facet normal -8.416227e-001 2.010497e-001 5.012488e-001
      outer loop
         vertex 2.484862e-001 3.662068e+001 4.005342e+000
         vertex 2.133651e-001 3.686830e+001 3.844789e+000
         vertex 1.515932e-001 3.663776e+001 3.844789e+000
      endloop
   endfacet
   facet normal -8.506873e-001 9.885926e-002 5.162925e-001
      outer loop
         vertex 2.484862e-001 3.662068e+001 4.005342e+000
         vertex 1.515932e-001 3.663776e+001 3.844789e+000
         vertex 1.635728e-001 3.640000e+001 3.898282e+000
      endloop
   endfacet
   facet normal -8.807783e-001 5.172652e-002 4.706951e-001
      outer loop
         vertex 1.635728e-001 3.640000e+001 3.898282e+000
         vertex 1.515932e-001 3.663776e+001 3.844789e+000
         vertex 1.307921e-001 3.640000e+001 3.844789e+000
      endloop
   endfacet
   facet normal -5.180298e-002 9.067435e-001 4.184886e-001
      outer loop
         vertex 1.500000e+000 3.776921e+001 3.844789e+000
         vertex 1.500000e+000 3.782527e+001 3.709446e+000
         vertex 1.262239e+000 3.774841e+001 3.844789e+000
      endloop
   endfacet
   facet normal -1.071810e-001 9.227327e-001 3.702388e-001
      outer loop
         vertex 1.262239e+000 3.774841e+001 3.844789e+000
         vertex 1.500000e+000 3.782527e+001 3.709446e+000
         vertex 1.249727e+000 3.781937e+001 3.670820e+000
      endloop
   endfacet
   facet normal -2.093604e-001 8.886905e-001 4.079184e-001
      outer loop
         vertex 1.262239e+000 3.774841e+001 3.844789e+000
         vertex 1.249727e+000 3.781937e+001 3.670820e+000
         vertex 1.031703e+000 3.768663e+001 3.844789e+000
      endloop
   endfacet
   facet normal -2.665793e-001 8.942996e-001 3.593935e-001
      outer loop
         vertex 1.031703e+000 3.768663e+001 3.844789e+000
         vertex 1.249727e+000 3.781937e+001 3.670820e+000
         vertex 1.007058e+000 3.775435e+001 3.670820e+000
      endloop
   endfacet
   facet normal -3.604992e-001 8.388343e-001 4.079184e-001
      outer loop
         vertex 1.031703e+000 3.768663e+001 3.844789e+000
         vertex 1.007058e+000 3.775435e+001 3.670820e+000
         vertex 8.153962e-001 3.758577e+001 3.844789e+000
      endloop
   endfacet
   facet normal -4.178229e-001 8.344221e-001 3.593935e-001
      outer loop
         vertex 8.153962e-001 3.758577e+001 3.844789e+000
         vertex 1.007058e+000 3.775435e+001 3.670820e+000
         vertex 7.793661e-001 3.764817e+001 3.670820e+000
      endloop
   endfacet
   facet normal -5.006844e-001 7.634904e-001 4.079184e-001
      outer loop
         vertex 8.153962e-001 3.758577e+001 3.844789e+000
         vertex 7.793661e-001 3.764817e+001 3.670820e+000
         vertex 6.198902e-001 3.744888e+001 3.844789e+000
      endloop
   endfacet
   facet normal -5.563711e-001 7.491912e-001 3.593934e-001
      outer loop
         vertex 6.198902e-001 3.744888e+001 3.844789e+000
         vertex 7.793661e-001 3.764817e+001 3.670820e+000
         vertex 5.735708e-001 3.750408e+001 3.670820e+000
      endloop
   endfacet
   facet normal -6.256567e-001 6.649483e-001 4.079184e-001
      outer loop
         vertex 6.198902e-001 3.744888e+001 3.844789e+000
         vertex 5.735708e-001 3.750408e+001 3.670820e+000
         vertex 4.511261e-001 3.728011e+001 3.844789e+000
      endloop
   endfacet
   facet normal -6.780142e-001 6.411965e-001 3.593935e-001
      outer loop
         vertex 4.511261e-001 3.728011e+001 3.844789e+000
         vertex 5.735708e-001 3.750408e+001 3.670820e+000
         vertex 3.959248e-001 3.732643e+001 3.670820e+000
      endloop
   endfacet
   facet normal -7.316186e-001 5.462021e-001 4.079184e-001
      outer loop
         vertex 4.511261e-001 3.728011e+001 3.844789e+000
         vertex 3.959248e-001 3.732643e+001 3.670820e+000
         vertex 3.142310e-001 3.708460e+001 3.844789e+000
      endloop
   endfacet
   facet normal -7.790563e-001 5.137194e-001 3.593935e-001
      outer loop
         vertex 3.142310e-001 3.708460e+001 3.844789e+000
         vertex 3.959248e-001 3.732643e+001 3.670820e+000
         vertex 2.518259e-001 3.712063e+001 3.670820e+000
      endloop
   endfacet
   facet normal -8.153507e-001 4.108599e-001 4.079184e-001
      outer loop
         vertex 3.142310e-001 3.708460e+001 3.844789e+000
         vertex 2.518259e-001 3.712063e+001 3.670820e+000
         vertex 2.133651e-001 3.686830e+001 3.844789e+000
      endloop
   endfacet
   facet normal -8.564271e-001 3.706331e-001 3.593934e-001
      outer loop
         vertex 2.133651e-001 3.686830e+001 3.844789e+000
         vertex 2.518259e-001 3.712063e+001 3.670820e+000
         vertex 1.456514e-001 3.689294e+001 3.670820e+000
      endloop
   endfacet
   facet normal -8.743087e-001 2.630338e-001 4.079184e-001
      outer loop
         vertex 2.133651e-001 3.686830e+001 3.844789e+000
         vertex 1.456514e-001 3.689294e+001 3.670820e+000
         vertex 1.515932e-001 3.663776e+001 3.844789e+000
      endloop
   endfacet
   facet normal -9.077758e-001 2.162853e-001 3.593935e-001
      outer loop
         vertex 1.515932e-001 3.663776e+001 3.844789e+000
         vertex 1.456514e-001 3.689294e+001 3.670820e+000
         vertex 8.062832e-002 3.665027e+001 3.670820e+000
      endloop
   endfacet
   facet normal -9.227327e-001 1.071810e-001 3.702388e-001
      outer loop
         vertex 1.515932e-001 3.663776e+001 3.844789e+000
         vertex 8.062832e-002 3.665027e+001 3.670820e+000
         vertex 7.473119e-002 3.640000e+001 3.709446e+000
      endloop
   endfacet
   facet normal -9.454650e-001 5.522509e-002 3.210081e-001
      outer loop
         vertex 7.473119e-002 3.640000e+001 3.709446e+000
         vertex 8.062832e-002 3.665027e+001 3.670820e+000
         vertex 5.873200e-002 3.640000e+001 3.670820e+000
      endloop
   endfacet
   facet normal -5.534232e-002 9.625840e-001 2.652721e-001
      outer loop
         vertex 1.500000e+000 3.784127e+001 3.670820e+000
         vertex 1.500000e+000 3.788034e+001 3.508037e+000
         vertex 1.249727e+000 3.781937e+001 3.670820e+000
      endloop
   endfacet
   facet normal -1.128639e-001 9.702406e-001 2.142313e-001
      outer loop
         vertex 1.249727e+000 3.781937e+001 3.670820e+000
         vertex 1.500000e+000 3.788034e+001 3.508037e+000
         vertex 1.242093e+000 3.786266e+001 3.487721e+000
      endloop
   endfacet
   facet normal -2.219485e-001 9.398434e-001 2.596793e-001
      outer loop
         vertex 1.249727e+000 3.781937e+001 3.670820e+000
         vertex 1.242093e+000 3.786266e+001 3.487721e+000
         vertex 1.007058e+000 3.775435e+001 3.670820e+000
      endloop
   endfacet
   facet normal -2.798754e-001 9.371122e-001 2.085437e-001
      outer loop
         vertex 1.007058e+000 3.775435e+001 3.670820e+000
         vertex 1.242093e+000 3.786266e+001 3.487721e+000
         vertex 9.920225e-001 3.779565e+001 3.487721e+000
      endloop
   endfacet
   facet normal -3.817787e-001 8.870240e-001 2.596793e-001
      outer loop
         vertex 1.007058e+000 3.775435e+001 3.670820e+000
         vertex 9.920225e-001 3.779565e+001 3.487721e+000
         vertex 7.793661e-001 3.764817e+001 3.670820e+000
      endloop
   endfacet
   facet normal -4.383513e-001 8.742755e-001 2.085437e-001
      outer loop
         vertex 7.793661e-001 3.764817e+001 3.670820e+000
         vertex 9.920225e-001 3.779565e+001 3.487721e+000
         vertex 7.573869e-001 3.768624e+001 3.487721e+000
      endloop
   endfacet
   facet normal -5.300088e-001 8.072530e-001 2.596793e-001
      outer loop
         vertex 7.793661e-001 3.764817e+001 3.670820e+000
         vertex 7.573869e-001 3.768624e+001 3.487721e+000
         vertex 5.735708e-001 3.750408e+001 3.670820e+000
      endloop
   endfacet
   facet normal -5.835081e-001 7.848744e-001 2.085437e-001
      outer loop
         vertex 5.735708e-001 3.750408e+001 3.670820e+000
         vertex 7.573869e-001 3.768624e+001 3.487721e+000
         vertex 5.453154e-001 3.753775e+001 3.487721e+000
      endloop
   endfacet
   facet normal -6.621347e-001 7.029539e-001 2.596793e-001
      outer loop
         vertex 5.735708e-001 3.750408e+001 3.670820e+000
         vertex 5.453154e-001 3.753775e+001 3.487721e+000
         vertex 3.959248e-001 3.732643e+001 3.670820e+000
      endloop
   endfacet
   facet normal -7.109354e-001 6.716253e-001 2.085437e-001
      outer loop
         vertex 3.959248e-001 3.732643e+001 3.670820e+000
         vertex 5.453154e-001 3.753775e+001 3.487721e+000
         vertex 3.622510e-001 3.735469e+001 3.487721e+000
      endloop
   endfacet
   facet normal -7.741421e-001 5.772960e-001 2.596793e-001
      outer loop
         vertex 3.959248e-001 3.732643e+001 3.670820e+000
         vertex 3.622510e-001 3.735469e+001 3.487721e+000
         vertex 2.518259e-001 3.712063e+001 3.670820e+000
      endloop
   endfacet
   facet normal -8.167611e-001 5.379692e-001 2.085437e-001
      outer loop
         vertex 2.518259e-001 3.712063e+001 3.670820e+000
         vertex 3.622510e-001 3.735469e+001 3.487721e+000
         vertex 2.137562e-001 3.714261e+001 3.487721e+000
      endloop
   endfacet
   facet normal -8.626275e-001 4.340972e-001 2.596793e-001
      outer loop
         vertex 2.518259e-001 3.712063e+001 3.670820e+000
         vertex 2.137562e-001 3.714261e+001 3.487721e+000
         vertex 1.456514e-001 3.689294e+001 3.670820e+000
      endloop
   endfacet
   facet normal -8.977700e-001 3.879671e-001 2.085437e-001
      outer loop
         vertex 1.456514e-001 3.689294e+001 3.670820e+000
         vertex 2.137562e-001 3.714261e+001 3.487721e+000
         vertex 1.043444e-001 3.690798e+001 3.487721e+000
      endloop
   endfacet
   facet normal -9.249025e-001 2.777086e-001 2.596793e-001
      outer loop
         vertex 1.456514e-001 3.689294e+001 3.670820e+000
         vertex 1.043444e-001 3.690798e+001 3.487721e+000
         vertex 8.062832e-002 3.665027e+001 3.670820e+000
      endloop
   endfacet
   facet normal -9.515007e-001 2.261769e-001 2.085437e-001
      outer loop
         vertex 8.062832e-002 3.665027e+001 3.670820e+000
         vertex 1.043444e-001 3.690798e+001 3.487721e+000
         vertex 3.733765e-002 3.665791e+001 3.487721e+000
      endloop
   endfacet
   facet normal -9.702406e-001 1.128639e-001 2.142313e-001
      outer loop
         vertex 8.062832e-002 3.665027e+001 3.670820e+000
         vertex 3.733765e-002 3.665791e+001 3.487721e+000
         vertex 1.965091e-002 3.640000e+001 3.508037e+000
      endloop
   endfacet
   facet normal -9.850085e-001 5.736097e-002 1.626893e-001
      outer loop
         vertex 1.965091e-002 3.640000e+001 3.508037e+000
         vertex 3.733765e-002 3.665791e+001 3.487721e+000
         vertex 1.477357e-002 3.640000e+001 3.487721e+000
      endloop
   endfacet
   facet normal -5.751913e-002 9.928152e-001 1.049264e-001
      outer loop
         vertex 1.500000e+000 3.788523e+001 3.487721e+000
         vertex 1.500000e+000 3.790000e+001 3.300000e+000
         vertex 1.242093e+000 3.786266e+001 3.487721e+000
      endloop
   endfacet
   facet normal -1.157601e-001 9.918906e-001 5.246538e-002
      outer loop
         vertex 1.242093e+000 3.786266e+001 3.487721e+000
         vertex 1.500000e+000 3.790000e+001 3.300000e+000
         vertex 1.239528e+000 3.787721e+001 3.300000e+000
      endloop
   endfacet
   facet normal -2.290459e-001 9.677440e-001 1.049264e-001
      outer loop
         vertex 1.242093e+000 3.786266e+001 3.487721e+000
         vertex 1.239528e+000 3.787721e+001 3.300000e+000
         vertex 9.920225e-001 3.779565e+001 3.487721e+000
      endloop
   endfacet
   facet normal -2.862414e-001 9.567201e-001 5.246538e-002
      outer loop
         vertex 9.920225e-001 3.779565e+001 3.487721e+000
         vertex 1.239528e+000 3.787721e+001 3.300000e+000
         vertex 9.869700e-001 3.780954e+001 3.300000e+000
      endloop
   endfacet
   facet normal -3.936131e-001 9.132684e-001 1.049264e-001
      outer loop
         vertex 9.920225e-001 3.779565e+001 3.487721e+000
         vertex 9.869700e-001 3.780954e+001 3.300000e+000
         vertex 7.573869e-001 3.768624e+001 3.487721e+000
      endloop
   endfacet
   facet normal -4.480255e-001 8.924800e-001 5.246538e-002
      outer loop
         vertex 7.573869e-001 3.768624e+001 3.487721e+000
         vertex 9.869700e-001 3.780954e+001 3.300000e+000
         vertex 7.499996e-001 3.769904e+001 3.300000e+000
      endloop
   endfacet
   facet normal -5.462207e-001 8.310436e-001 1.049264e-001
      outer loop
         vertex 7.573869e-001 3.768624e+001 3.487721e+000
         vertex 7.499996e-001 3.769904e+001 3.300000e+000
         vertex 5.453154e-001 3.753775e+001 3.487721e+000
      endloop
   endfacet
   facet normal -5.961965e-001 8.011224e-001 5.246538e-002
      outer loop
         vertex 5.453154e-001 3.753775e+001 3.487721e+000
         vertex 7.499996e-001 3.769904e+001 3.300000e+000
         vertex 5.358188e-001 3.754906e+001 3.300000e+000
      endloop
   endfacet
   facet normal -6.822315e-001 7.235680e-001 1.049264e-001
      outer loop
         vertex 5.453154e-001 3.753775e+001 3.487721e+000
         vertex 5.358188e-001 3.754906e+001 3.300000e+000
         vertex 3.622510e-001 3.735469e+001 3.487721e+000
      endloop
   endfacet
   facet normal -7.262524e-001 6.854232e-001 5.246538e-002
      outer loop
         vertex 3.622510e-001 3.735469e+001 3.487721e+000
         vertex 5.358188e-001 3.754906e+001 3.300000e+000
         vertex 3.509335e-001 3.736418e+001 3.300000e+000
      endloop
   endfacet
   facet normal -7.975131e-001 5.941070e-001 1.049264e-001
      outer loop
         vertex 3.622510e-001 3.735469e+001 3.487721e+000
         vertex 3.509335e-001 3.736418e+001 3.300000e+000
         vertex 2.137562e-001 3.714261e+001 3.487721e+000
      endloop
   endfacet
   facet normal -8.342414e-001 5.488977e-001 5.246538e-002
      outer loop
         vertex 2.137562e-001 3.714261e+001 3.487721e+000
         vertex 3.509335e-001 3.736418e+001 3.300000e+000
         vertex 2.009617e-001 3.715000e+001 3.300000e+000
      endloop
   endfacet
   facet normal -8.885627e-001 4.465946e-001 1.049264e-001
      outer loop
         vertex 2.137562e-001 3.714261e+001 3.487721e+000
         vertex 2.009617e-001 3.715000e+001 3.300000e+000
         vertex 1.043444e-001 3.690798e+001 3.487721e+000
      endloop
   endfacet
   facet normal -9.168825e-001 3.956941e-001 5.246538e-002
      outer loop
         vertex 1.043444e-001 3.690798e+001 3.487721e+000
         vertex 2.009617e-001 3.715000e+001 3.300000e+000
         vertex 9.046122e-002 3.691303e+001 3.300000e+000
      endloop
   endfacet
   facet normal -9.526138e-001 2.855125e-001 1.049264e-001
      outer loop
         vertex 1.043444e-001 3.690798e+001 3.487721e+000
         vertex 9.046122e-002 3.691303e+001 3.300000e+000
         vertex 3.733765e-002 3.665791e+001 3.487721e+000
      endloop
   endfacet
   facet normal -9.716645e-001 2.304677e-001 5.246538e-002
      outer loop
         vertex 3.733765e-002 3.665791e+001 3.487721e+000
         vertex 9.046122e-002 3.691303e+001 3.300000e+000
         vertex 2.278853e-002 3.666047e+001 3.300000e+000
      endloop
   endfacet
   facet normal -9.877202e-001 1.157553e-001 1.049264e-001
      outer loop
         vertex 3.733765e-002 3.665791e+001 3.487721e+000
         vertex 2.278853e-002 3.666047e+001 3.300000e+000
         vertex 1.477357e-002 3.640000e+001 3.487721e+000
      endloop
   endfacet
   facet normal -9.969231e-001 5.823855e-002 5.246538e-002
      outer loop
         vertex 1.477357e-002 3.640000e+001 3.487721e+000
         vertex 2.278853e-002 3.666047e+001 3.300000e+000
         vertex 0.000000e+000 3.640000e+001 3.300000e+000
      endloop
   endfacet
   facet normal -5.228807e-002 0.000000e+000 9.986320e-001
      outer loop
         vertex 1.200000e+000 3.640000e+001 4.500000e+000
         vertex 1.012279e+000 3.640000e+001 4.485226e+000
         vertex 1.200000e+000 1.499999e+000 4.500000e+000
      endloop
   endfacet
   facet normal -1.103672e-001 0.000000e+000 9.938909e-001
      outer loop
         vertex 1.200000e+000 1.499999e+000 4.500000e+000
         vertex 1.012279e+000 3.640000e+001 4.485226e+000
         vertex 9.916220e-001 1.499999e+000 4.481769e+000
      endloop
   endfacet
   facet normal -1.678915e-001 0.000000e+000 9.858055e-001
      outer loop
         vertex 1.012279e+000 3.640000e+001 4.485226e+000
         vertex 9.919629e-001 3.640000e+001 4.480349e+000
         vertex 9.916220e-001 1.499999e+000 4.481769e+000
      endloop
   endfacet
   facet normal -2.192216e-001 0.000000e+000 9.756751e-001
      outer loop
         vertex 9.916220e-001 1.499999e+000 4.481769e+000
         vertex 9.919629e-001 3.640000e+001 4.480349e+000
         vertex 8.291798e-001 3.640000e+001 4.441268e+000
      endloop
   endfacet
   facet normal -2.756783e-001 0.000000e+000 9.612499e-001
      outer loop
         vertex 9.916220e-001 1.499999e+000 4.481769e+000
         vertex 8.291798e-001 3.640000e+001 4.441268e+000
         vertex 7.895762e-001 1.499999e+000 4.427631e+000
      endloop
   endfacet
   facet normal -3.310346e-001 0.000000e+000 9.436186e-001
      outer loop
         vertex 8.291798e-001 3.640000e+001 4.441268e+000
         vertex 7.905541e-001 3.640000e+001 4.425269e+000
         vertex 7.895762e-001 1.499999e+000 4.427631e+000
      endloop
   endfacet
   facet normal -3.799448e-001 0.000000e+000 9.250092e-001
      outer loop
         vertex 7.895762e-001 1.499999e+000 4.427631e+000
         vertex 7.905541e-001 3.640000e+001 4.425269e+000
         vertex 6.552115e-001 3.640000e+001 4.369208e+000
      endloop
   endfacet
   facet normal -4.331610e-001 0.000000e+000 9.013166e-001
      outer loop
         vertex 7.895762e-001 1.499999e+000 4.427631e+000
         vertex 6.552115e-001 3.640000e+001 4.369208e+000
         vertex 5.999999e-001 1.499999e+000 4.339230e+000
      endloop
   endfacet
   facet normal -4.847902e-001 0.000000e+000 8.746305e-001
      outer loop
         vertex 6.552115e-001 3.640000e+001 4.369208e+000
         vertex 6.017182e-001 3.640000e+001 4.336427e+000
         vertex 5.999999e-001 1.499999e+000 4.339230e+000
      endloop
   endfacet
   facet normal -5.298869e-001 0.000000e+000 8.480683e-001
      outer loop
         vertex 5.999999e-001 1.499999e+000 4.339230e+000
         vertex 6.017182e-001 3.640000e+001 4.336427e+000
         vertex 4.946580e-001 3.640000e+001 4.270821e+000
      endloop
   endfacet
   facet normal -5.783443e-001 0.000000e+000 8.157927e-001
      outer loop
         vertex 5.999999e-001 1.499999e+000 4.339230e+000
         vertex 4.946580e-001 3.640000e+001 4.270821e+000
         vertex 4.286552e-001 1.499999e+000 4.219254e+000
      endloop
   endfacet
   facet normal -6.247848e-001 0.000000e+000 7.807969e-001
      outer loop
         vertex 4.286552e-001 1.499999e+000 4.219254e+000
         vertex 4.946580e-001 3.640000e+001 4.270821e+000
         vertex 4.310273e-001 3.640000e+001 4.216475e+000
      endloop
   endfacet
   facet normal -6.861873e-001 0.000000e+000 7.274249e-001
      outer loop
         vertex 4.286552e-001 1.499999e+000 4.219254e+000
         vertex 4.310273e-001 3.640000e+001 4.216475e+000
         vertex 2.807463e-001 1.499999e+000 4.071345e+000
      endloop
   endfacet
   facet normal -7.071005e-001 0.000000e+000 7.071131e-001
      outer loop
         vertex 4.310273e-001 3.640000e+001 4.216475e+000
         vertex 3.514718e-001 3.640000e+001 4.148528e+000
         vertex 2.807463e-001 1.499999e+000 4.071345e+000
      endloop
   endfacet
   facet normal -7.470364e-001 0.000000e+000 6.647831e-001
      outer loop
         vertex 2.807463e-001 1.499999e+000 4.071345e+000
         vertex 3.514718e-001 3.640000e+001 4.148528e+000
         vertex 2.835244e-001 3.640000e+001 4.068973e+000
      endloop
   endfacet
   facet normal -8.020892e-001 0.000000e+000 5.972043e-001
      outer loop
         vertex 2.807463e-001 1.499999e+000 4.071345e+000
         vertex 2.835244e-001 3.640000e+001 4.068973e+000
         vertex 1.607696e-001 1.499999e+000 3.900000e+000
      endloop
   endfacet
   facet normal -8.157979e-001 0.000000e+000 5.783371e-001
      outer loop
         vertex 2.835244e-001 3.640000e+001 4.068973e+000
         vertex 2.291799e-001 3.640000e+001 4.005342e+000
         vertex 1.607696e-001 1.499999e+000 3.900000e+000
      endloop
   endfacet
   facet normal -8.480683e-001 0.000000e+000 5.298869e-001
      outer loop
         vertex 1.607696e-001 1.499999e+000 3.900000e+000
         vertex 2.291799e-001 3.640000e+001 4.005342e+000
         vertex 1.635728e-001 3.640000e+001 3.898282e+000
      endloop
   endfacet
   facet normal -8.936139e-001 0.000000e+000 4.488365e-001
      outer loop
         vertex 1.607696e-001 1.499999e+000 3.900000e+000
         vertex 1.635728e-001 3.640000e+001 3.898282e+000
         vertex 7.236842e-002 1.499999e+000 3.710424e+000
      endloop
   endfacet
   facet normal -9.013270e-001 0.000000e+000 4.331394e-001
      outer loop
         vertex 1.635728e-001 3.640000e+001 3.898282e+000
         vertex 1.307921e-001 3.640000e+001 3.844789e+000
         vertex 7.236842e-002 1.499999e+000 3.710424e+000
      endloop
   endfacet
   facet normal -9.250092e-001 0.000000e+000 3.799448e-001
      outer loop
         vertex 7.236842e-002 1.499999e+000 3.710424e+000
         vertex 1.307921e-001 3.640000e+001 3.844789e+000
         vertex 7.473119e-002 3.640000e+001 3.709446e+000
      endloop
   endfacet
   facet normal -9.579796e-001 0.000000e+000 2.868365e-001
      outer loop
         vertex 7.236842e-002 1.499999e+000 3.710424e+000
         vertex 7.473119e-002 3.640000e+001 3.709446e+000
         vertex 1.823064e-002 1.499999e+000 3.508378e+000
      endloop
   endfacet
   facet normal -9.612585e-001 0.000000e+000 2.756485e-001
      outer loop
         vertex 7.473119e-002 3.640000e+001 3.709446e+000
         vertex 5.873200e-002 3.640000e+001 3.670820e+000
         vertex 1.823064e-002 1.499999e+000 3.508378e+000
      endloop
   endfacet
   facet normal -9.756751e-001 0.000000e+000 2.192216e-001
      outer loop
         vertex 1.823064e-002 1.499999e+000 3.508378e+000
         vertex 5.873200e-002 3.640000e+001 3.670820e+000
         vertex 1.965091e-002 3.640000e+001 3.508037e+000
      endloop
   endfacet
   facet normal -9.932336e-001 0.000000e+000 1.161336e-001
      outer loop
         vertex 1.823064e-002 1.499999e+000 3.508378e+000
         vertex 1.965091e-002 3.640000e+001 3.508037e+000
         vertex 0.000000e+000 1.499999e+000 3.300000e+000
      endloop
   endfacet
   facet normal -9.938936e-001 0.000000e+000 1.103425e-001
      outer loop
         vertex 0.000000e+000 1.499999e+000 3.300000e+000
         vertex 1.965091e-002 3.640000e+001 3.508037e+000
         vertex 1.477357e-002 3.640000e+001 3.487721e+000
      endloop
   endfacet
   facet normal -9.986320e-001 0.000000e+000 5.228807e-002
      outer loop
         vertex 0.000000e+000 1.499999e+000 3.300000e+000
         vertex 1.477357e-002 3.640000e+001 3.487721e+000
         vertex 0.000000e+000 3.640000e+001 3.300000e+000
      endloop
   endfacet
   facet normal 0.000000e+000 5.228807e-002 9.986320e-001
      outer loop
         vertex 1.500000e+000 3.688772e+001 4.485226e+000
         vertex 1.500000e+000 3.670000e+001 4.500000e+000
         vertex 2.790000e+001 3.670000e+001 4.500000e+000
      endloop
   endfacet
   facet normal 0.000000e+000 1.103425e-001 9.938936e-001
      outer loop
         vertex 1.500000e+000 3.688772e+001 4.485226e+000
         vertex 2.790000e+001 3.670000e+001 4.500000e+000
         vertex 1.500000e+000 3.690804e+001 4.480349e+000
      endloop
   endfacet
   facet normal 0.000000e+000 1.161336e-001 9.932336e-001
      outer loop
         vertex 1.500000e+000 3.690804e+001 4.480349e+000
         vertex 2.790000e+001 3.670000e+001 4.500000e+000
         vertex 2.790000e+001 3.690838e+001 4.481769e+000
      endloop
   endfacet
   facet normal 0.000000e+000 2.192216e-001 9.756751e-001
      outer loop
         vertex 1.500000e+000 3.690804e+001 4.480349e+000
         vertex 2.790000e+001 3.690838e+001 4.481769e+000
         vertex 1.500000e+000 3.707082e+001 4.441268e+000
      endloop
   endfacet
   facet normal 0.000000e+000 2.756485e-001 9.612585e-001
      outer loop
         vertex 1.500000e+000 3.707082e+001 4.441268e+000
         vertex 2.790000e+001 3.690838e+001 4.481769e+000
         vertex 1.500000e+000 3.710944e+001 4.425269e+000
      endloop
   endfacet
   facet normal 0.000000e+000 2.868365e-001 9.579796e-001
      outer loop
         vertex 1.500000e+000 3.710944e+001 4.425269e+000
         vertex 2.790000e+001 3.690838e+001 4.481769e+000
         vertex 2.790000e+001 3.711042e+001 4.427631e+000
      endloop
   endfacet
   facet normal 0.000000e+000 3.799448e-001 9.250092e-001
      outer loop
         vertex 1.500000e+000 3.710944e+001 4.425269e+000
         vertex 2.790000e+001 3.711042e+001 4.427631e+000
         vertex 1.500000e+000 3.724479e+001 4.369208e+000
      endloop
   endfacet
   facet normal 0.000000e+000 4.331393e-001 9.013270e-001
      outer loop
         vertex 1.500000e+000 3.724479e+001 4.369208e+000
         vertex 2.790000e+001 3.711042e+001 4.427631e+000
         vertex 1.500000e+000 3.729828e+001 4.336427e+000
      endloop
   endfacet
   facet normal 0.000000e+000 4.488365e-001 8.936139e-001
      outer loop
         vertex 1.500000e+000 3.729828e+001 4.336427e+000
         vertex 2.790000e+001 3.711042e+001 4.427631e+000
         vertex 2.790000e+001 3.730000e+001 4.339230e+000
      endloop
   endfacet
   facet normal 0.000000e+000 5.298869e-001 8.480683e-001
      outer loop
         vertex 1.500000e+000 3.729828e+001 4.336427e+000
         vertex 2.790000e+001 3.730000e+001 4.339230e+000
         vertex 1.500000e+000 3.740534e+001 4.270821e+000
      endloop
   endfacet
   facet normal 0.000000e+000 5.783371e-001 8.157979e-001
      outer loop
         vertex 1.500000e+000 3.740534e+001 4.270821e+000
         vertex 2.790000e+001 3.730000e+001 4.339230e+000
         vertex 1.500000e+000 3.746897e+001 4.216475e+000
      endloop
   endfacet
   facet normal 0.000000e+000 5.972043e-001 8.020892e-001
      outer loop
         vertex 1.500000e+000 3.746897e+001 4.216475e+000
         vertex 2.790000e+001 3.730000e+001 4.339230e+000
         vertex 2.790000e+001 3.747135e+001 4.219254e+000
      endloop
   endfacet
   facet normal 0.000000e+000 6.647832e-001 7.470364e-001
      outer loop
         vertex 1.500000e+000 3.746897e+001 4.216475e+000
         vertex 2.790000e+001 3.747135e+001 4.219254e+000
         vertex 1.500000e+000 3.754853e+001 4.148528e+000
      endloop
   endfacet
   facet normal 0.000000e+000 7.071068e-001 7.071068e-001
      outer loop
         vertex 1.500000e+000 3.754853e+001 4.148528e+000
         vertex 2.790000e+001 3.747135e+001 4.219254e+000
         vertex 2.790000e+001 3.761925e+001 4.071345e+000
      endloop
   endfacet
   facet normal 0.000000e+000 7.470364e-001 6.647831e-001
      outer loop
         vertex 1.500000e+000 3.754853e+001 4.148528e+000
         vertex 2.790000e+001 3.761925e+001 4.071345e+000
         vertex 1.500000e+000 3.761648e+001 4.068973e+000
      endloop
   endfacet
   facet normal 0.000000e+000 7.807969e-001 6.247849e-001
      outer loop
         vertex 1.500000e+000 3.761648e+001 4.068973e+000
         vertex 2.790000e+001 3.761925e+001 4.071345e+000
         vertex 1.500000e+000 3.767082e+001 4.005342e+000
      endloop
   endfacet
   facet normal 0.000000e+000 8.157927e-001 5.783443e-001
      outer loop
         vertex 1.500000e+000 3.767082e+001 4.005342e+000
         vertex 2.790000e+001 3.761925e+001 4.071345e+000
         vertex 2.790000e+001 3.773923e+001 3.900000e+000
      endloop
   endfacet
   facet normal 0.000000e+000 8.480683e-001 5.298869e-001
      outer loop
         vertex 1.500000e+000 3.767082e+001 4.005342e+000
         vertex 2.790000e+001 3.773923e+001 3.900000e+000
         vertex 1.500000e+000 3.773643e+001 3.898282e+000
      endloop
   endfacet
   facet normal 0.000000e+000 8.746305e-001 4.847902e-001
      outer loop
         vertex 1.500000e+000 3.773643e+001 3.898282e+000
         vertex 2.790000e+001 3.773923e+001 3.900000e+000
         vertex 1.500000e+000 3.776921e+001 3.844789e+000
      endloop
   endfacet
   facet normal 0.000000e+000 9.013166e-001 4.331610e-001
      outer loop
         vertex 1.500000e+000 3.776921e+001 3.844789e+000
         vertex 2.790000e+001 3.773923e+001 3.900000e+000
         vertex 2.790000e+001 3.782763e+001 3.710424e+000
      endloop
   endfacet
   facet normal 0.000000e+000 9.250092e-001 3.799448e-001
      outer loop
         vertex 1.500000e+000 3.776921e+001 3.844789e+000
         vertex 2.790000e+001 3.782763e+001 3.710424e+000
         vertex 1.500000e+000 3.782527e+001 3.709446e+000
      endloop
   endfacet
   facet normal 0.000000e+000 9.436186e-001 3.310346e-001
      outer loop
         vertex 1.500000e+000 3.782527e+001 3.709446e+000
         vertex 2.790000e+001 3.782763e+001 3.710424e+000
         vertex 1.500000e+000 3.784127e+001 3.670820e+000
      endloop
   endfacet
   facet normal 0.000000e+000 9.612499e-001 2.756783e-001
      outer loop
         vertex 1.500000e+000 3.784127e+001 3.670820e+000
         vertex 2.790000e+001 3.782763e+001 3.710424e+000
         vertex 2.790000e+001 3.788177e+001 3.508378e+000
      endloop
   endfacet
   facet normal 0.000000e+000 9.756751e-001 2.192216e-001
      outer loop
         vertex 1.500000e+000 3.784127e+001 3.670820e+000
         vertex 2.790000e+001 3.788177e+001 3.508378e+000
         vertex 1.500000e+000 3.788034e+001 3.508037e+000
      endloop
   endfacet
   facet normal 0.000000e+000 9.858055e-001 1.678915e-001
      outer loop
         vertex 1.500000e+000 3.788034e+001 3.508037e+000
         vertex 2.790000e+001 3.788177e+001 3.508378e+000
         vertex 1.500000e+000 3.788523e+001 3.487721e+000
      endloop
   endfacet
   facet normal 0.000000e+000 9.938909e-001 1.103672e-001
      outer loop
         vertex 1.500000e+000 3.788523e+001 3.487721e+000
         vertex 2.790000e+001 3.788177e+001 3.508378e+000
         vertex 2.790000e+001 3.790000e+001 3.300000e+000
      endloop
   endfacet
   facet normal 0.000000e+000 9.986320e-001 5.228807e-002
      outer loop
         vertex 1.500000e+000 3.788523e+001 3.487721e+000
         vertex 2.790000e+001 3.790000e+001 3.300000e+000
         vertex 1.500000e+000 3.790000e+001 3.300000e+000
      endloop
   endfacet
   facet normal -5.807913e-002 5.514095e-017 9.983119e-001
      outer loop
         vertex 1.200000e+000 1.499999e+000 4.500000e+000
         vertex 9.916220e-001 1.499999e+000 4.481769e+000
         vertex 1.204558e+000 1.447905e+000 4.500000e+000
      endloop
   endfacet
   facet normal -1.152818e-001 -1.008585e-002 9.932816e-001
      outer loop
         vertex 1.204558e+000 1.447905e+000 4.500000e+000
         vertex 9.916220e-001 1.499999e+000 4.481769e+000
         vertex 9.993454e-001 1.411721e+000 4.481769e+000
      endloop
   endfacet
   facet normal -5.719678e-002 -1.008534e-002 9.983119e-001
      outer loop
         vertex 1.204558e+000 1.447905e+000 4.500000e+000
         vertex 9.993454e-001 1.411721e+000 4.481769e+000
         vertex 1.218093e+000 1.397394e+000 4.500000e+000
      endloop
   endfacet
   facet normal -1.117790e-001 -2.995110e-002 9.932816e-001
      outer loop
         vertex 1.218093e+000 1.397394e+000 4.500000e+000
         vertex 9.993454e-001 1.411721e+000 4.481769e+000
         vertex 1.022281e+000 1.326123e+000 4.481769e+000
      endloop
   endfacet
   facet normal -5.457653e-002 -1.986424e-002 9.983119e-001
      outer loop
         vertex 1.218093e+000 1.397394e+000 4.500000e+000
         vertex 1.022281e+000 1.326123e+000 4.481769e+000
         vertex 1.240192e+000 1.349999e+000 4.500000e+000
      endloop
   endfacet
   facet normal -1.048799e-001 -4.890631e-002 9.932816e-001
      outer loop
         vertex 1.240192e+000 1.349999e+000 4.500000e+000
         vertex 1.022281e+000 1.326123e+000 4.481769e+000
         vertex 1.059731e+000 1.245810e+000 4.481769e+000
      endloop
   endfacet
   facet normal -5.029800e-002 -2.903957e-002 9.983119e-001
      outer loop
         vertex 1.240192e+000 1.349999e+000 4.500000e+000
         vertex 1.059731e+000 1.245810e+000 4.481769e+000
         vertex 1.270187e+000 1.307163e+000 4.500000e+000
      endloop
   endfacet
   facet normal -9.479407e-002 -6.637552e-002 9.932816e-001
      outer loop
         vertex 1.270187e+000 1.307163e+000 4.500000e+000
         vertex 1.059731e+000 1.245810e+000 4.481769e+000
         vertex 1.110560e+000 1.173221e+000 4.481769e+000
      endloop
   endfacet
   facet normal -4.449120e-002 -3.733255e-002 9.983119e-001
      outer loop
         vertex 1.270187e+000 1.307163e+000 4.500000e+000
         vertex 1.110560e+000 1.173221e+000 4.481769e+000
         vertex 1.307163e+000 1.270186e+000 4.500000e+000
      endloop
   endfacet
   facet normal -8.182795e-002 -8.182795e-002 9.932816e-001
      outer loop
         vertex 1.307163e+000 1.270186e+000 4.500000e+000
         vertex 1.110560e+000 1.173221e+000 4.481769e+000
         vertex 1.173221e+000 1.110559e+000 4.481769e+000
      endloop
   endfacet
   facet normal -3.733255e-002 -4.449120e-002 9.983119e-001
      outer loop
         vertex 1.307163e+000 1.270186e+000 4.500000e+000
         vertex 1.173221e+000 1.110559e+000 4.481769e+000
         vertex 1.350000e+000 1.240192e+000 4.500000e+000
      endloop
   endfacet
   facet normal -6.637552e-002 -9.479407e-002 9.932816e-001
      outer loop
         vertex 1.350000e+000 1.240192e+000 4.500000e+000
         vertex 1.173221e+000 1.110559e+000 4.481769e+000
         vertex 1.245811e+000 1.059731e+000 4.481769e+000
      endloop
   endfacet
   facet normal -2.903957e-002 -5.029800e-002 9.983119e-001
      outer loop
         vertex 1.350000e+000 1.240192e+000 4.500000e+000
         vertex 1.245811e+000 1.059731e+000 4.481769e+000
         vertex 1.397394e+000 1.218092e+000 4.500000e+000
      endloop
   endfacet
   facet normal -4.890631e-002 -1.048799e-001 9.932816e-001
      outer loop
         vertex 1.397394e+000 1.218092e+000 4.500000e+000
         vertex 1.245811e+000 1.059731e+000 4.481769e+000
         vertex 1.326124e+000 1.022281e+000 4.481769e+000
      endloop
   endfacet
   facet normal -1.986424e-002 -5.457653e-002 9.983119e-001
      outer loop
         vertex 1.397394e+000 1.218092e+000 4.500000e+000
         vertex 1.326124e+000 1.022281e+000 4.481769e+000
         vertex 1.447906e+000 1.204558e+000 4.500000e+000
      endloop
   endfacet
   facet normal -2.995110e-002 -1.117790e-001 9.932816e-001
      outer loop
         vertex 1.447906e+000 1.204558e+000 4.500000e+000
         vertex 1.326124e+000 1.022281e+000 4.481769e+000
         vertex 1.411721e+000 9.993445e-001 4.481769e+000
      endloop
   endfacet
   facet normal -1.008534e-002 -5.719678e-002 9.983119e-001
      outer loop
         vertex 1.447906e+000 1.204558e+000 4.500000e+000
         vertex 1.411721e+000 9.993445e-001 4.481769e+000
         vertex 1.500000e+000 1.200000e+000 4.500000e+000
      endloop
   endfacet
   facet normal -1.008585e-002 -1.152818e-001 9.932816e-001
      outer loop
         vertex 1.500000e+000 1.200000e+000 4.500000e+000
         vertex 1.411721e+000 9.993445e-001 4.481769e+000
         vertex 1.500000e+000 9.916220e-001 4.481769e+000
      endloop
   endfacet
   facet normal -2.297045e-001 -1.008687e-002 9.732082e-001
      outer loop
         vertex 9.916220e-001 1.499999e+000 4.481769e+000
         vertex 7.895762e-001 1.499999e+000 4.427631e+000
         vertex 9.993454e-001 1.411721e+000 4.481769e+000
      endloop
   endfacet
   facet normal -2.843313e-001 -2.995855e-002 9.582579e-001
      outer loop
         vertex 9.993454e-001 1.411721e+000 4.481769e+000
         vertex 7.895762e-001 1.499999e+000 4.427631e+000
         vertex 8.003684e-001 1.376634e+000 4.427631e+000
      endloop
   endfacet
   facet normal -2.244632e-001 -4.982139e-002 9.732081e-001
      outer loop
         vertex 9.993454e-001 1.411721e+000 4.481769e+000
         vertex 8.003684e-001 1.376634e+000 4.427631e+000
         vertex 1.022281e+000 1.326123e+000 4.481769e+000
      endloop
   endfacet
   facet normal -2.748094e-001 -7.887702e-002 9.582579e-001
      outer loop
         vertex 1.022281e+000 1.326123e+000 4.481769e+000
         vertex 8.003684e-001 1.376634e+000 4.427631e+000
         vertex 8.324199e-001 1.257019e+000 4.427631e+000
      endloop
   endfacet
   facet normal -2.124017e-001 -8.804211e-002 9.732082e-001
      outer loop
         vertex 1.022281e+000 1.326123e+000 4.481769e+000
         vertex 8.324199e-001 1.257019e+000 4.427631e+000
         vertex 1.059731e+000 1.245810e+000 4.481769e+000
      endloop
   endfacet
   facet normal -2.569376e-001 -1.253989e-001 9.582579e-001
      outer loop
         vertex 1.059731e+000 1.245810e+000 4.481769e+000
         vertex 8.324199e-001 1.257019e+000 4.427631e+000
         vertex 8.847546e-001 1.144787e+000 4.427631e+000
      endloop
   endfacet
   facet normal -1.938865e-001 -1.235877e-001 9.732082e-001
      outer loop
         vertex 1.059731e+000 1.245810e+000 4.481769e+000
         vertex 8.847546e-001 1.144787e+000 4.427631e+000
         vertex 1.110560e+000 1.173221e+000 4.481769e+000
      endloop
   endfacet
   facet normal -2.312588e-001 -1.681105e-001 9.582579e-001
      outer loop
         vertex 1.110560e+000 1.173221e+000 4.481769e+000
         vertex 8.847546e-001 1.144787e+000 4.427631e+000
         vertex 9.557838e-001 1.043348e+000 4.427631e+000
      endloop
   endfacet
   facet normal -1.694801e-001 -1.553782e-001 9.732082e-001
      outer loop
         vertex 1.110560e+000 1.173221e+000 4.481769e+000
         vertex 9.557838e-001 1.043348e+000 4.427631e+000
         vertex 1.173221e+000 1.110559e+000 4.481769e+000
      endloop
   endfacet
   facet normal -1.985534e-001 -2.057142e-001 9.582579e-001
      outer loop
         vertex 1.173221e+000 1.110559e+000 4.481769e+000
         vertex 9.557838e-001 1.043348e+000 4.427631e+000
         vertex 1.043349e+000 9.557828e-001 4.427631e+000
      endloop
   endfacet
   facet normal -1.399242e-001 -1.824475e-001 9.732082e-001
      outer loop
         vertex 1.173221e+000 1.110559e+000 4.481769e+000
         vertex 1.043349e+000 9.557828e-001 4.427631e+000
         vertex 1.245811e+000 1.059731e+000 4.481769e+000
      endloop
   endfacet
   facet normal -1.598150e-001 -2.370674e-001 9.582579e-001
      outer loop
         vertex 1.245811e+000 1.059731e+000 4.481769e+000
         vertex 1.043349e+000 9.557828e-001 4.427631e+000
         vertex 1.144788e+000 8.847546e-001 4.427631e+000
      endloop
   endfacet
   facet normal -1.061167e-001 -2.039734e-001 9.732082e-001
      outer loop
         vertex 1.245811e+000 1.059731e+000 4.481769e+000
         vertex 1.144788e+000 8.847546e-001 4.427631e+000
         vertex 1.326124e+000 1.022281e+000 4.481769e+000
      endloop
   endfacet
   facet normal -1.162208e-001 -2.612174e-001 9.582579e-001
      outer loop
         vertex 1.326124e+000 1.022281e+000 4.481769e+000
         vertex 1.144788e+000 8.847546e-001 4.427631e+000
         vertex 1.257021e+000 8.324180e-001 4.427631e+000
      endloop
   endfacet
   facet normal -6.908500e-002 -2.193015e-001 9.732082e-001
      outer loop
         vertex 1.326124e+000 1.022281e+000 4.481769e+000
         vertex 1.257021e+000 8.324180e-001 4.427631e+000
         vertex 1.411721e+000 9.993445e-001 4.481769e+000
      endloop
   endfacet
   facet normal -6.909519e-002 -2.774304e-001 9.582579e-001
      outer loop
         vertex 1.411721e+000 9.993445e-001 4.481769e+000
         vertex 1.257021e+000 8.324180e-001 4.427631e+000
         vertex 1.376636e+000 8.003675e-001 4.427631e+000
      endloop
   endfacet
   facet normal -2.995413e-002 -2.279663e-001 9.732081e-001
      outer loop
         vertex 1.411721e+000 9.993445e-001 4.481769e+000
         vertex 1.376636e+000 8.003675e-001 4.427631e+000
         vertex 1.500000e+000 9.916220e-001 4.481769e+000
      endloop
   endfacet
   facet normal -1.987019e-002 -2.852139e-001 9.582579e-001
      outer loop
         vertex 1.500000e+000 9.916220e-001 4.481769e+000
         vertex 1.376636e+000 8.003675e-001 4.427631e+000
         vertex 1.500000e+000 7.895753e-001 4.427631e+000
      endloop
   endfacet
   facet normal -3.944746e-001 -1.987397e-002 9.186919e-001
      outer loop
         vertex 7.895762e-001 1.499999e+000 4.427631e+000
         vertex 5.999999e-001 1.499999e+000 4.339230e+000
         vertex 8.003684e-001 1.376634e+000 4.427631e+000
      endloop
   endfacet
   facet normal -4.448979e-001 -4.893883e-002 8.942432e-001
      outer loop
         vertex 8.003684e-001 1.376634e+000 4.427631e+000
         vertex 5.999999e-001 1.499999e+000 4.339230e+000
         vertex 6.136727e-001 1.343716e+000 4.339230e+000
      endloop
   endfacet
   facet normal -3.850306e-001 -8.807183e-002 9.186919e-001
      outer loop
         vertex 8.003684e-001 1.376634e+000 4.427631e+000
         vertex 6.136727e-001 1.343716e+000 4.339230e+000
         vertex 8.324199e-001 1.257019e+000 4.427631e+000
      endloop
   endfacet
   facet normal -4.296408e-001 -1.254511e-001 8.942432e-001
      outer loop
         vertex 8.324199e-001 1.257019e+000 4.427631e+000
         vertex 6.136727e-001 1.343716e+000 4.339230e+000
         vertex 6.542765e-001 1.192180e+000 4.339230e+000
      endloop
   endfacet
   facet normal -3.638876e-001 -1.535937e-001 9.186919e-001
      outer loop
         vertex 8.324199e-001 1.257019e+000 4.427631e+000
         vertex 6.542765e-001 1.192180e+000 4.339230e+000
         vertex 8.847546e-001 1.144787e+000 4.427631e+000
      endloop
   endfacet
   facet normal -4.013292e-001 -1.981515e-001 8.942432e-001
      outer loop
         vertex 8.847546e-001 1.144787e+000 4.427631e+000
         vertex 6.542765e-001 1.192180e+000 4.339230e+000
         vertex 7.205773e-001 1.049999e+000 4.339230e+000
      endloop
   endfacet
   facet normal -3.316880e-001 -2.144487e-001 9.186919e-001
      outer loop
         vertex 8.847546e-001 1.144787e+000 4.427631e+000
         vertex 7.205773e-001 1.049999e+000 4.339230e+000
         vertex 9.557838e-001 1.043348e+000 4.427631e+000
      endloop
   endfacet
   facet normal -3.608235e-001 -2.648312e-001 8.942432e-001
      outer loop
         vertex 9.557838e-001 1.043348e+000 4.427631e+000
         vertex 7.205773e-001 1.049999e+000 4.339230e+000
         vertex 8.105599e-001 9.214897e-001 4.339230e+000
      endloop
   endfacet
   facet normal -2.894103e-001 -2.687877e-001 9.186919e-001
      outer loop
         vertex 9.557838e-001 1.043348e+000 4.427631e+000
         vertex 8.105599e-001 9.214897e-001 4.339230e+000
         vertex 1.043349e+000 9.557828e-001 4.427631e+000
      endloop
   endfacet
   facet normal -3.093543e-001 -3.234642e-001 8.942432e-001
      outer loop
         vertex 1.043349e+000 9.557828e-001 4.427631e+000
         vertex 8.105599e-001 9.214897e-001 4.339230e+000
         vertex 9.214915e-001 8.105599e-001 4.339230e+000
      endloop
   endfacet
   facet normal -2.383391e-001 -3.149598e-001 9.186919e-001
      outer loop
         vertex 1.043349e+000 9.557828e-001 4.427631e+000
         vertex 9.214915e-001 8.105599e-001 4.339230e+000
         vertex 1.144788e+000 8.847546e-001 4.427631e+000
      endloop
   endfacet
   facet normal -2.484855e-001 -3.722688e-001 8.942432e-001
      outer loop
         vertex 1.144788e+000 8.847546e-001 4.427631e+000
         vertex 9.214915e-001 8.105599e-001 4.339230e+000
         vertex 1.050000e+000 7.205755e-001 4.339230e+000
      endloop
   endfacet
   facet normal -1.800259e-001 -3.515621e-001 9.186919e-001
      outer loop
         vertex 1.144788e+000 8.847546e-001 4.427631e+000
         vertex 1.050000e+000 7.205755e-001 4.339230e+000
         vertex 1.257021e+000 8.324180e-001 4.427631e+000
      endloop
   endfacet
   facet normal -1.800667e-001 -4.097623e-001 8.942432e-001
      outer loop
         vertex 1.257021e+000 8.324180e-001 4.427631e+000
         vertex 1.050000e+000 7.205755e-001 4.339230e+000
         vertex 1.192182e+000 6.542765e-001 4.339230e+000
      endloop
   endfacet
   facet normal -1.162428e-001 -3.774821e-001 9.186919e-001
      outer loop
         vertex 1.257021e+000 8.324180e-001 4.427631e+000
         vertex 1.192182e+000 6.542765e-001 4.339230e+000
         vertex 1.376636e+000 8.003675e-001 4.427631e+000
      endloop
   endfacet
   facet normal -1.061766e-001 -4.348054e-001 8.942432e-001
      outer loop
         vertex 1.376636e+000 8.003675e-001 4.427631e+000
         vertex 1.192182e+000 6.542765e-001 4.339230e+000
         vertex 1.343717e+000 6.136727e-001 4.339230e+000
      endloop
   endfacet
   facet normal -4.892776e-002 -3.919327e-001 9.186919e-001
      outer loop
         vertex 1.376636e+000 8.003675e-001 4.427631e+000
         vertex 1.343717e+000 6.136727e-001 4.339230e+000
         vertex 1.500000e+000 7.895753e-001 4.427631e+000
      endloop
   endfacet
   facet normal -2.906037e-002 -4.466370e-001 8.942432e-001
      outer loop
         vertex 1.500000e+000 7.895753e-001 4.427631e+000
         vertex 1.343717e+000 6.136727e-001 4.339230e+000
         vertex 1.500000e+000 5.999990e-001 4.339230e+000
      endloop
   endfacet
   facet normal -5.474453e-001 -2.906781e-002 8.363366e-001
      outer loop
         vertex 5.999999e-001 1.499999e+000 4.339230e+000
         vertex 4.286552e-001 1.499999e+000 4.219254e+000
         vertex 6.136727e-001 1.343716e+000 4.339230e+000
      endloop
   endfacet
   facet normal -5.921443e-001 -6.645513e-002 8.030871e-001
      outer loop
         vertex 6.136727e-001 1.343716e+000 4.339230e+000
         vertex 4.286552e-001 1.499999e+000 4.219254e+000
         vertex 4.449310e-001 1.313962e+000 4.219254e+000
      endloop
   endfacet
   facet normal -5.340807e-001 -1.236891e-001 8.363366e-001
      outer loop
         vertex 6.136727e-001 1.343716e+000 4.339230e+000
         vertex 4.449310e-001 1.313962e+000 4.219254e+000
         vertex 6.542765e-001 1.192180e+000 4.339230e+000
      endloop
   endfacet
   facet normal -5.716085e-001 -1.682703e-001 8.030871e-001
      outer loop
         vertex 6.542765e-001 1.192180e+000 4.339230e+000
         vertex 4.449310e-001 1.313962e+000 4.219254e+000
         vertex 4.932648e-001 1.133578e+000 4.219254e+000
      endloop
   endfacet
   facet normal -5.044885e-001 -2.145521e-001 8.363366e-001
      outer loop
         vertex 6.542765e-001 1.192180e+000 4.339230e+000
         vertex 4.932648e-001 1.133578e+000 4.219254e+000
         vertex 7.205773e-001 1.049999e+000 4.339230e+000
      endloop
   endfacet
   facet normal -5.337046e-001 -2.649727e-001 8.030871e-001
      outer loop
         vertex 7.205773e-001 1.049999e+000 4.339230e+000
         vertex 4.932648e-001 1.133578e+000 4.219254e+000
         vertex 5.721878e-001 9.643268e-001 4.219254e+000
      endloop
   endfacet
   facet normal -4.595676e-001 -2.988961e-001 8.363366e-001
      outer loop
         vertex 7.205773e-001 1.049999e+000 4.339230e+000
         vertex 5.721878e-001 9.643268e-001 4.219254e+000
         vertex 8.105599e-001 9.214897e-001 4.339230e+000
      endloop
   endfacet
   facet normal -4.795844e-001 -3.536240e-001 8.030871e-001
      outer loop
         vertex 8.105599e-001 9.214897e-001 4.339230e+000
         vertex 5.721878e-001 9.643268e-001 4.219254e+000
         vertex 6.793020e-001 8.113515e-001 4.219254e+000
      endloop
   endfacet
   facet normal -4.006830e-001 -3.741583e-001 8.363366e-001
      outer loop
         vertex 8.105599e-001 9.214897e-001 4.339230e+000
         vertex 6.793020e-001 8.113515e-001 4.219254e+000
         vertex 9.214915e-001 8.105599e-001 4.339230e+000
      endloop
   endfacet
   facet normal -4.108923e-001 -4.315306e-001 8.030871e-001
      outer loop
         vertex 9.214915e-001 8.105599e-001 4.339230e+000
         vertex 6.793020e-001 8.113515e-001 4.219254e+000
         vertex 8.113524e-001 6.793011e-001 4.219254e+000
      endloop
   endfacet
   facet normal -3.296238e-001 -4.380518e-001 8.363366e-001
      outer loop
         vertex 9.214915e-001 8.105599e-001 4.339230e+000
         vertex 8.113524e-001 6.793011e-001 4.219254e+000
         vertex 1.050000e+000 7.205755e-001 4.339230e+000
      endloop
   endfacet
   facet normal -3.297154e-001 -4.963254e-001 8.030871e-001
      outer loop
         vertex 1.050000e+000 7.205755e-001 4.339230e+000
         vertex 8.113524e-001 6.793011e-001 4.219254e+000
         vertex 9.643277e-001 5.721878e-001 4.219254e+000
      endloop
   endfacet
   facet normal -2.485492e-001 -4.886354e-001 8.363366e-001
      outer loop
         vertex 1.050000e+000 7.205755e-001 4.339230e+000
         vertex 9.643277e-001 5.721878e-001 4.219254e+000
         vertex 1.192182e+000 6.542765e-001 4.339230e+000
      endloop
   endfacet
   facet normal -2.385203e-001 -5.460395e-001 8.030871e-001
      outer loop
         vertex 1.192182e+000 6.542765e-001 4.339230e+000
         vertex 9.643277e-001 5.721878e-001 4.219254e+000
         vertex 1.133579e+000 4.932638e-001 4.219254e+000
      endloop
   endfacet
   facet normal -1.599225e-001 -5.243720e-001 8.363366e-001
      outer loop
         vertex 1.192182e+000 6.542765e-001 4.339230e+000
         vertex 1.133579e+000 4.932638e-001 4.219254e+000
         vertex 1.343717e+000 6.136727e-001 4.339230e+000
      endloop
   endfacet
   facet normal -1.400779e-001 -5.791626e-001 8.030871e-001
      outer loop
         vertex 1.343717e+000 6.136727e-001 4.339230e+000
         vertex 1.133579e+000 4.932638e-001 4.219254e+000
         vertex 1.313963e+000 4.449300e-001 4.219254e+000
      endloop
   endfacet
   facet normal -6.643666e-002 -5.441759e-001 8.363366e-001
      outer loop
         vertex 1.343717e+000 6.136727e-001 4.339230e+000
         vertex 1.313963e+000 4.449300e-001 4.219254e+000
         vertex 1.500000e+000 5.999990e-001 4.339230e+000
      endloop
   endfacet
   facet normal -3.737924e-002 -5.946881e-001 8.030871e-001
      outer loop
         vertex 1.500000e+000 5.999990e-001 4.339230e+000
         vertex 1.313963e+000 4.449300e-001 4.219254e+000
         vertex 1.500000e+000 4.286543e-001 4.219254e+000
      endloop
   endfacet
   facet normal -6.839811e-001 -3.739014e-002 7.285409e-001
      outer loop
         vertex 4.286552e-001 1.499999e+000 4.219254e+000
         vertex 2.807463e-001 1.499999e+000 4.071345e+000
         vertex 4.449310e-001 1.313962e+000 4.219254e+000
      endloop
   endfacet
   facet normal -7.215849e-001 -8.197425e-002 6.874558e-001
      outer loop
         vertex 4.449310e-001 1.313962e+000 4.219254e+000
         vertex 2.807463e-001 1.499999e+000 4.071345e+000
         vertex 2.992703e-001 1.288278e+000 4.071345e+000
      endloop
   endfacet
   facet normal -6.670972e-001 -1.555942e-001 7.285409e-001
      outer loop
         vertex 4.449310e-001 1.313962e+000 4.219254e+000
         vertex 2.992703e-001 1.288278e+000 4.071345e+000
         vertex 4.932648e-001 1.133578e+000 4.219254e+000
      endloop
   endfacet
   facet normal -6.963877e-001 -2.060308e-001 6.874558e-001
      outer loop
         vertex 4.932648e-001 1.133578e+000 4.219254e+000
         vertex 2.992703e-001 1.288278e+000 4.071345e+000
         vertex 3.542770e-001 1.082990e+000 4.071345e+000
      endloop
   endfacet
   facet normal -6.299438e-001 -2.690705e-001 7.285409e-001
      outer loop
         vertex 4.932648e-001 1.133578e+000 4.219254e+000
         vertex 3.542770e-001 1.082990e+000 4.071345e+000
         vertex 5.721878e-001 9.643268e-001 4.219254e+000
      endloop
   endfacet
   facet normal -6.500311e-001 -3.238271e-001 6.874558e-001
      outer loop
         vertex 5.721878e-001 9.643268e-001 4.219254e+000
         vertex 3.542770e-001 1.082990e+000 4.071345e+000
         vertex 4.440956e-001 8.903723e-001 4.071345e+000
      endloop
   endfacet
   facet normal -5.736499e-001 -3.743713e-001 7.285409e-001
      outer loop
         vertex 5.721878e-001 9.643268e-001 4.219254e+000
         vertex 4.440956e-001 8.903723e-001 4.071345e+000
         vertex 6.793020e-001 8.113515e-001 4.219254e+000
      endloop
   endfacet
   facet normal -5.839236e-001 -4.317842e-001 6.874558e-001
      outer loop
         vertex 6.793020e-001 8.113515e-001 4.219254e+000
         vertex 4.440956e-001 8.903723e-001 4.071345e+000
         vertex 5.659973e-001 7.162783e-001 4.071345e+000
      endloop
   endfacet
   facet normal -4.999260e-001 -4.682971e-001 7.285409e-001
      outer loop
         vertex 6.793020e-001 8.113515e-001 4.219254e+000
         vertex 5.659973e-001 7.162783e-001 4.071345e+000
         vertex 8.113524e-001 6.793011e-001 4.219254e+000
      endloop
   endfacet
   facet normal -5.000740e-001 -5.266217e-001 6.874558e-001
      outer loop
         vertex 8.113524e-001 6.793011e-001 4.219254e+000
         vertex 5.659973e-001 7.162783e-001 4.071345e+000
         vertex 7.162793e-001 5.659964e-001 4.071345e+000
      endloop
   endfacet
   facet normal -4.110121e-001 -5.479938e-001 7.285409e-001
      outer loop
         vertex 8.113524e-001 6.793011e-001 4.219254e+000
         vertex 7.162793e-001 5.659964e-001 4.071345e+000
         vertex 9.643277e-001 5.721878e-001 4.219254e+000
      endloop
   endfacet
   facet normal -4.010299e-001 -6.054581e-001 6.874558e-001
      outer loop
         vertex 9.643277e-001 5.721878e-001 4.219254e+000
         vertex 7.162793e-001 5.659964e-001 4.071345e+000
         vertex 8.903732e-001 4.440956e-001 4.071345e+000
      endloop
   endfacet
   facet normal -3.096097e-001 -6.110401e-001 7.285409e-001
      outer loop
         vertex 9.643277e-001 5.721878e-001 4.219254e+000
         vertex 8.903732e-001 4.440956e-001 4.071345e+000
         vertex 1.133579e+000 4.932638e-001 4.219254e+000
      endloop
   endfacet
   facet normal -2.898006e-001 -6.658979e-001 6.874558e-001
      outer loop
         vertex 1.133579e+000 4.932638e-001 4.219254e+000
         vertex 8.903732e-001 4.440956e-001 4.071345e+000
         vertex 1.082991e+000 3.542751e-001 4.071345e+000
      endloop
   endfacet
   facet normal -1.988001e-001 -6.555201e-001 7.285409e-001
      outer loop
         vertex 1.133579e+000 4.932638e-001 4.219254e+000
         vertex 1.082991e+000 3.542751e-001 4.071345e+000
         vertex 1.313963e+000 4.449300e-001 4.219254e+000
      endloop
   endfacet
   facet normal -1.697660e-001 -7.061048e-001 6.874558e-001
      outer loop
         vertex 1.313963e+000 4.449300e-001 4.219254e+000
         vertex 1.082991e+000 3.542751e-001 4.071345e+000
         vertex 1.288279e+000 2.992693e-001 4.071345e+000
      endloop
   endfacet
   facet normal -8.194997e-002 -6.800826e-001 7.285409e-001
      outer loop
         vertex 1.313963e+000 4.449300e-001 4.219254e+000
         vertex 1.288279e+000 2.992693e-001 4.071345e+000
         vertex 1.500000e+000 4.286543e-001 4.219254e+000
      endloop
   endfacet
   facet normal -4.457303e-002 -7.248570e-001 6.874558e-001
      outer loop
         vertex 1.500000e+000 4.286543e-001 4.219254e+000
         vertex 1.288279e+000 2.992693e-001 4.071345e+000
         vertex 1.500000e+000 2.807453e-001 4.071345e+000
      endloop
   endfacet
   facet normal -7.998928e-001 -4.458604e-002 5.984844e-001
      outer loop
         vertex 2.807463e-001 1.499999e+000 4.071345e+000
         vertex 1.607696e-001 1.499999e+000 3.900000e+000
         vertex 2.992703e-001 1.288278e+000 4.071345e+000
      endloop
   endfacet
   facet normal -8.292253e-001 -9.501772e-002 5.507786e-001
      outer loop
         vertex 2.992703e-001 1.288278e+000 4.071345e+000
         vertex 1.607696e-001 1.499999e+000 3.900000e+000
         vertex 1.811152e-001 1.267444e+000 3.900000e+000
      endloop
   endfacet
   facet normal -7.799983e-001 -1.828086e-001 5.984844e-001
      outer loop
         vertex 2.992703e-001 1.288278e+000 4.071345e+000
         vertex 1.811152e-001 1.267444e+000 3.900000e+000
         vertex 3.542770e-001 1.082990e+000 4.071345e+000
      endloop
   endfacet
   facet normal -8.001278e-001 -2.375676e-001 5.507786e-001
      outer loop
         vertex 3.542770e-001 1.082990e+000 4.071345e+000
         vertex 1.811152e-001 1.267444e+000 3.900000e+000
         vertex 2.415348e-001 1.041956e+000 3.900000e+000
      endloop
   endfacet
   facet normal -7.364041e-001 -3.154766e-001 5.984844e-001
      outer loop
         vertex 3.542770e-001 1.082990e+000 4.071345e+000
         vertex 2.415348e-001 1.041956e+000 3.900000e+000
         vertex 4.440956e-001 8.903723e-001 4.071345e+000
      endloop
   endfacet
   facet normal -7.467188e-001 -3.728992e-001 5.507787e-001
      outer loop
         vertex 4.440956e-001 8.903723e-001 4.071345e+000
         vertex 2.415348e-001 1.041956e+000 3.900000e+000
         vertex 3.401926e-001 8.303840e-001 3.900000e+000
      endloop
   endfacet
   facet normal -6.704344e-001 -4.385591e-001 5.984844e-001
      outer loop
         vertex 4.440956e-001 8.903723e-001 4.071345e+000
         vertex 3.401926e-001 8.303840e-001 3.900000e+000
         vertex 5.659973e-001 7.162783e-001 4.071345e+000
      endloop
   endfacet
   facet normal -6.706212e-001 -4.969004e-001 5.507786e-001
      outer loop
         vertex 5.659973e-001 7.162783e-001 4.071345e+000
         vertex 3.401926e-001 8.303840e-001 3.900000e+000
         vertex 4.740897e-001 6.391592e-001 3.900000e+000
      endloop
   endfacet
   facet normal -5.840940e-001 -5.483161e-001 5.984844e-001
      outer loop
         vertex 5.659973e-001 7.162783e-001 4.071345e+000
         vertex 4.740897e-001 6.391592e-001 3.900000e+000
         vertex 7.162793e-001 5.659964e-001 4.071345e+000
      endloop
   endfacet
   facet normal -5.741472e-001 -6.058035e-001 5.507786e-001
      outer loop
         vertex 7.162793e-001 5.659964e-001 4.071345e+000
         vertex 4.740897e-001 6.391592e-001 3.900000e+000
         vertex 6.391592e-001 4.740897e-001 3.900000e+000
      endloop
   endfacet
   facet normal -4.800063e-001 -6.414128e-001 5.984844e-001
      outer loop
         vertex 7.162793e-001 5.659964e-001 4.071345e+000
         vertex 6.391592e-001 4.740897e-001 3.900000e+000
         vertex 8.903732e-001 4.440956e-001 4.071345e+000
      endloop
   endfacet
   facet normal -4.602279e-001 -6.962997e-001 5.507786e-001
      outer loop
         vertex 8.903732e-001 4.440956e-001 4.071345e+000
         vertex 6.391592e-001 4.740897e-001 3.900000e+000
         vertex 8.303849e-001 3.401917e-001 3.900000e+000
      endloop
   endfacet
   facet normal -3.613338e-001 -7.150205e-001 5.984844e-001
      outer loop
         vertex 8.903732e-001 4.440956e-001 4.071345e+000
         vertex 8.303849e-001 3.401917e-001 3.900000e+000
         vertex 1.082991e+000 3.542751e-001 4.071345e+000
      endloop
   endfacet
   facet normal -3.323248e-001 -7.656389e-001 5.507786e-001
      outer loop
         vertex 1.082991e+000 3.542751e-001 4.071345e+000
         vertex 8.303849e-001 3.401917e-001 3.900000e+000
         vertex 1.041956e+000 2.415348e-001 3.900000e+000
      endloop
   endfacet
   facet normal -2.316823e-001 -7.669027e-001 5.984844e-001
      outer loop
         vertex 1.082991e+000 3.542751e-001 4.071345e+000
         vertex 1.041956e+000 2.415348e-001 3.900000e+000
         vertex 1.288279e+000 2.992693e-001 4.071345e+000
      endloop
   endfacet
   facet normal -1.943243e-001 -8.117148e-001 5.507786e-001
      outer loop
         vertex 1.288279e+000 2.992693e-001 4.071345e+000
         vertex 1.041956e+000 2.415348e-001 3.900000e+000
         vertex 1.267445e+000 1.811143e-001 3.900000e+000
      endloop
   endfacet
   facet normal -9.499126e-002 -7.954829e-001 5.984844e-001
      outer loop
         vertex 1.288279e+000 2.992693e-001 4.071345e+000
         vertex 1.267445e+000 1.811143e-001 3.900000e+000
         vertex 1.500000e+000 2.807453e-001 4.071345e+000
      endloop
   endfacet
   facet normal -5.041926e-002 -8.331271e-001 5.507786e-001
      outer loop
         vertex 1.500000e+000 2.807453e-001 4.071345e+000
         vertex 1.267445e+000 1.811143e-001 3.900000e+000
         vertex 1.500000e+000 1.607686e-001 3.900000e+000
      endloop
   endfacet
   facet normal -8.915753e-001 -5.043222e-002 4.500557e-001
      outer loop
         vertex 1.607696e-001 1.499999e+000 3.900000e+000
         vertex 7.236842e-002 1.499999e+000 3.710424e+000
         vertex 1.811152e-001 1.267444e+000 3.900000e+000
      endloop
   endfacet
   facet normal -9.116997e-001 -1.051783e-001 3.971663e-001
      outer loop
         vertex 1.811152e-001 1.267444e+000 3.900000e+000
         vertex 7.236842e-002 1.499999e+000 3.710424e+000
         vertex 9.405799e-002 1.252094e+000 3.710424e+000
      endloop
   endfacet
   facet normal -8.692728e-001 -2.044865e-001 4.500557e-001
      outer loop
         vertex 1.811152e-001 1.267444e+000 3.900000e+000
         vertex 9.405799e-002 1.252094e+000 3.710424e+000
         vertex 2.415348e-001 1.041956e+000 3.900000e+000
      endloop
   endfacet
   facet normal -8.795850e-001 -2.618954e-001 3.971663e-001
      outer loop
         vertex 2.415348e-001 1.041956e+000 3.900000e+000
         vertex 9.405799e-002 1.252094e+000 3.710424e+000
         vertex 1.584655e-001 1.011720e+000 3.710424e+000
      endloop
   endfacet
   facet normal -8.205578e-001 -3.523275e-001 4.500557e-001
      outer loop
         vertex 2.415348e-001 1.041956e+000 3.900000e+000
         vertex 1.584655e-001 1.011720e+000 3.710424e+000
         vertex 3.401926e-001 8.303840e-001 3.900000e+000
      endloop
   endfacet
   facet normal -8.207445e-001 -4.106549e-001 3.971663e-001
      outer loop
         vertex 3.401926e-001 8.303840e-001 3.900000e+000
         vertex 1.584655e-001 1.011720e+000 3.710424e+000
         vertex 2.636351e-001 7.861834e-001 3.710424e+000
      endloop
   endfacet
   facet normal -7.469108e-001 -4.894632e-001 4.500557e-001
      outer loop
         vertex 3.401926e-001 8.303840e-001 3.900000e+000
         vertex 2.636351e-001 7.861834e-001 3.710424e+000
         vertex 4.740897e-001 6.391592e-001 3.900000e+000
      endloop
   endfacet
   facet normal -7.369660e-001 -5.469369e-001 3.971663e-001
      outer loop
         vertex 4.740897e-001 6.391592e-001 3.900000e+000
         vertex 2.636351e-001 7.861834e-001 3.710424e+000
         vertex 4.063714e-001 5.823355e-001 3.710424e+000
      endloop
   endfacet
   facet normal -6.505691e-001 -6.117269e-001 4.500557e-001
      outer loop
         vertex 4.740897e-001 6.391592e-001 3.900000e+000
         vertex 4.063714e-001 5.823355e-001 3.710424e+000
         vertex 6.391592e-001 4.740897e-001 3.900000e+000
      endloop
   endfacet
   facet normal -6.307952e-001 -6.666005e-001 3.971663e-001
      outer loop
         vertex 6.391592e-001 4.740897e-001 3.900000e+000
         vertex 4.063714e-001 5.823355e-001 3.710424e+000
         vertex 5.823364e-001 4.063696e-001 3.710424e+000
      endloop
   endfacet
   facet normal -5.344602e-001 -7.154035e-001 4.500557e-001
      outer loop
         vertex 6.391592e-001 4.740897e-001 3.900000e+000
         vertex 5.823364e-001 4.063696e-001 3.710424e+000
         vertex 8.303849e-001 3.401917e-001 3.900000e+000
      endloop
   endfacet
   facet normal -5.054580e-001 -7.660098e-001 3.971663e-001
      outer loop
         vertex 8.303849e-001 3.401917e-001 3.900000e+000
         vertex 5.823364e-001 4.063696e-001 3.710424e+000
         vertex 7.861843e-001 2.636351e-001 3.710424e+000
      endloop
   endfacet
   facet normal -4.021120e-001 -7.973429e-001 4.500557e-001
      outer loop
         vertex 8.303849e-001 3.401917e-001 3.900000e+000
         vertex 7.861843e-001 2.636351e-001 3.710424e+000
         vertex 1.041956e+000 2.415348e-001 3.900000e+000
      endloop
   endfacet
   facet normal -3.647628e-001 -8.421443e-001 3.971663e-001
      outer loop
         vertex 1.041956e+000 2.415348e-001 3.900000e+000
         vertex 7.861843e-001 2.636351e-001 3.710424e+000
         vertex 1.011722e+000 1.584645e-001 3.710424e+000
      endloop
   endfacet
   facet normal -2.575459e-001 -8.550556e-001 4.500557e-001
      outer loop
         vertex 1.041956e+000 2.415348e-001 3.900000e+000
         vertex 1.011722e+000 1.584645e-001 3.710424e+000
         vertex 1.267445e+000 1.811143e-001 3.900000e+000
      endloop
   endfacet
   facet normal -2.129844e-001 -8.926906e-001 3.971663e-001
      outer loop
         vertex 1.267445e+000 1.811143e-001 3.900000e+000
         vertex 1.011722e+000 1.584645e-001 3.710424e+000
         vertex 1.252094e+000 9.405613e-002 3.710424e+000
      endloop
   endfacet
   facet normal -1.051544e-001 -8.867877e-001 4.500557e-001
      outer loop
         vertex 1.267445e+000 1.811143e-001 3.900000e+000
         vertex 1.252094e+000 9.405613e-002 3.710424e+000
         vertex 1.500000e+000 1.607686e-001 3.900000e+000
      endloop
   endfacet
   facet normal -5.473461e-002 -9.161130e-001 3.971664e-001
      outer loop
         vertex 1.500000e+000 1.607686e-001 3.900000e+000
         vertex 1.252094e+000 9.405613e-002 3.710424e+000
         vertex 1.500000e+000 7.236749e-002 3.710424e+000
      endloop
   endfacet
   facet normal -9.561390e-001 -5.474505e-002 2.877520e-001
      outer loop
         vertex 7.236842e-002 1.499999e+000 3.710424e+000
         vertex 1.823064e-002 1.499999e+000 3.508378e+000
         vertex 9.405799e-002 1.252094e+000 3.710424e+000
      endloop
   endfacet
   facet normal -9.663990e-001 -1.121351e-001 2.312980e-001
      outer loop
         vertex 9.405799e-002 1.252094e+000 3.710424e+000
         vertex 1.823064e-002 1.499999e+000 3.508378e+000
         vertex 4.074164e-002 1.242694e+000 3.508378e+000
      endloop
   endfacet
   facet normal -9.321067e-001 -2.199451e-001 2.877520e-001
      outer loop
         vertex 9.405799e-002 1.252094e+000 3.710424e+000
         vertex 4.074164e-002 1.242694e+000 3.508378e+000
         vertex 1.584655e-001 1.011720e+000 3.710424e+000
      endloop
   endfacet
   facet normal -9.322451e-001 -2.782449e-001 2.312981e-001
      outer loop
         vertex 1.584655e-001 1.011720e+000 3.710424e+000
         vertex 4.074164e-002 1.242694e+000 3.508378e+000
         vertex 1.075920e-001 9.932034e-001 3.508378e+000
      endloop
   endfacet
   facet normal -8.797528e-001 -3.784623e-001 2.877520e-001
      outer loop
         vertex 1.584655e-001 1.011720e+000 3.710424e+000
         vertex 1.075920e-001 9.932034e-001 3.508378e+000
         vertex 2.636351e-001 7.861834e-001 3.710424e+000
      endloop
   endfacet
   facet normal -8.697655e-001 -4.359004e-001 2.312981e-001
      outer loop
         vertex 2.636351e-001 7.861834e-001 3.710424e+000
         vertex 1.075920e-001 9.932034e-001 3.508378e+000
         vertex 2.167504e-001 7.591155e-001 3.508378e+000
      endloop
   endfacet
   facet normal -8.006681e-001 -5.254801e-001 2.877520e-001
      outer loop
         vertex 2.636351e-001 7.861834e-001 3.710424e+000
         vertex 2.167504e-001 7.591155e-001 3.508378e+000
         vertex 4.063714e-001 5.823355e-001 3.710424e+000
      endloop
   endfacet
   facet normal -7.808585e-001 -5.803114e-001 2.312981e-001
      outer loop
         vertex 4.063714e-001 5.823355e-001 3.710424e+000
         vertex 2.167504e-001 7.591155e-001 3.508378e+000
         vertex 3.648987e-001 5.475357e-001 3.508378e+000
      endloop
   endfacet
   facet normal -6.972556e-001 -6.565314e-001 2.877520e-001
      outer loop
         vertex 4.063714e-001 5.823355e-001 3.710424e+000
         vertex 3.648987e-001 5.475357e-001 3.508378e+000
         vertex 5.823364e-001 4.063696e-001 3.710424e+000
      endloop
   endfacet
   facet normal -6.682255e-001 -7.070897e-001 2.312981e-001
      outer loop
         vertex 5.823364e-001 4.063696e-001 3.710424e+000
         vertex 3.648987e-001 5.475357e-001 3.508378e+000
         vertex 5.475367e-001 3.648978e-001 3.508378e+000
      endloop
   endfacet
   facet normal -5.726572e-001 -7.676344e-001 2.877520e-001
      outer loop
         vertex 5.823364e-001 4.063696e-001 3.710424e+000
         vertex 5.475367e-001 3.648978e-001 3.508378e+000
         vertex 7.861843e-001 2.636351e-001 3.710424e+000
      endloop
   endfacet
   facet normal -5.352888e-001 -8.123836e-001 2.312981e-001
      outer loop
         vertex 7.861843e-001 2.636351e-001 3.710424e+000
         vertex 5.475367e-001 3.648978e-001 3.508378e+000
         vertex 7.591155e-001 2.167486e-001 3.508378e+000
      endloop
   endfacet
   facet normal -4.306588e-001 -8.554131e-001 2.877520e-001
      outer loop
         vertex 7.861843e-001 2.636351e-001 3.710424e+000
         vertex 7.591155e-001 2.167486e-001 3.508378e+000
         vertex 1.011722e+000 1.584645e-001 3.710424e+000
      endloop
   endfacet
   facet normal -3.860877e-001 -8.929936e-001 2.312981e-001
      outer loop
         vertex 1.011722e+000 1.584645e-001 3.710424e+000
         vertex 7.591155e-001 2.167486e-001 3.508378e+000
         vertex 9.932052e-001 1.075920e-001 3.508378e+000
      endloop
   endfacet
   facet normal -2.755753e-001 -9.172007e-001 2.877520e-001
      outer loop
         vertex 1.011722e+000 1.584645e-001 3.710424e+000
         vertex 9.932052e-001 1.075920e-001 3.508378e+000
         vertex 1.252094e+000 9.405613e-002 3.710424e+000
      endloop
   endfacet
   facet normal -2.251554e-001 -9.464704e-001 2.312981e-001
      outer loop
         vertex 1.252094e+000 9.405613e-002 3.710424e+000
         vertex 9.932052e-001 1.075920e-001 3.508378e+000
         vertex 1.242694e+000 4.074164e-002 3.508378e+000
      endloop
   endfacet
   facet normal -1.121184e-001 -9.511195e-001 2.877520e-001
      outer loop
         vertex 1.252094e+000 9.405613e-002 3.710424e+000
         vertex 1.242694e+000 4.074164e-002 3.508378e+000
         vertex 1.500000e+000 7.236749e-002 3.710424e+000
      endloop
   endfacet
   facet normal -5.738191e-002 -9.711892e-001 2.312980e-001
      outer loop
         vertex 1.500000e+000 7.236749e-002 3.710424e+000
         vertex 1.242694e+000 4.074164e-002 3.508378e+000
         vertex 1.500000e+000 1.822971e-002 3.508378e+000
      endloop
   endfacet
   facet normal -9.915259e-001 -5.738774e-002 1.165461e-001
      outer loop
         vertex 1.823064e-002 1.499999e+000 3.508378e+000
         vertex 0.000000e+000 1.499999e+000 3.300000e+000
         vertex 4.074164e-002 1.242694e+000 3.508378e+000
      endloop
   endfacet
   facet normal -9.915771e-001 -1.156667e-001 5.827605e-002
      outer loop
         vertex 4.074164e-002 1.242694e+000 3.508378e+000
         vertex 0.000000e+000 1.499999e+000 3.300000e+000
         vertex 2.278853e-002 1.239527e+000 3.300000e+000
      endloop
   endfacet
   facet normal -9.664971e-001 -2.286925e-001 1.165461e-001
      outer loop
         vertex 4.074164e-002 1.242694e+000 3.508378e+000
         vertex 2.278853e-002 1.239527e+000 3.300000e+000
         vertex 1.075920e-001 9.932034e-001 3.508378e+000
      endloop
   endfacet
   facet normal -9.564275e-001 -2.860951e-001 5.827604e-002
      outer loop
         vertex 1.075920e-001 9.932034e-001 3.508378e+000
         vertex 2.278853e-002 1.239527e+000 3.300000e+000
         vertex 9.046122e-002 9.869691e-001 3.300000e+000
      endloop
   endfacet
   facet normal -9.121019e-001 -3.930487e-001 1.165461e-001
      outer loop
         vertex 1.075920e-001 9.932034e-001 3.508378e+000
         vertex 9.046122e-002 9.869691e-001 3.300000e+000
         vertex 2.167504e-001 7.591155e-001 3.508378e+000
      endloop
   endfacet
   facet normal -8.922173e-001 -4.478305e-001 5.827605e-002
      outer loop
         vertex 2.167504e-001 7.591155e-001 3.508378e+000
         vertex 9.046122e-002 9.869691e-001 3.300000e+000
         vertex 2.009617e-001 7.499996e-001 3.300000e+000
      endloop
   endfacet
   facet normal -8.299928e-001 -5.454622e-001 1.165461e-001
      outer loop
         vertex 2.167504e-001 7.591155e-001 3.508378e+000
         vertex 2.009617e-001 7.499996e-001 3.300000e+000
         vertex 3.648987e-001 5.475357e-001 3.508378e+000
      endloop
   endfacet
   facet normal -8.008975e-001 -5.959589e-001 5.827604e-002
      outer loop
         vertex 3.648987e-001 5.475357e-001 3.508378e+000
         vertex 2.009617e-001 7.499996e-001 3.300000e+000
         vertex 3.509335e-001 5.358178e-001 3.300000e+000
      endloop
   endfacet
   facet normal -7.226648e-001 -6.813022e-001 1.165461e-001
      outer loop
         vertex 3.648987e-001 5.475357e-001 3.508378e+000
         vertex 3.509335e-001 5.358178e-001 3.300000e+000
         vertex 5.475367e-001 3.648978e-001 3.508378e+000
      endloop
   endfacet
   facet normal -6.852430e-001 -7.259793e-001 5.827604e-002
      outer loop
         vertex 5.475367e-001 3.648978e-001 3.508378e+000
         vertex 3.509335e-001 5.358178e-001 3.300000e+000
         vertex 5.358188e-001 3.509316e-001 3.300000e+000
      endloop
   endfacet
   facet normal -5.933790e-001 -7.964410e-001 1.165461e-001
      outer loop
         vertex 5.475367e-001 3.648978e-001 3.508378e+000
         vertex 5.358188e-001 3.509316e-001 3.300000e+000
         vertex 7.591155e-001 2.167486e-001 3.508378e+000
      endloop
   endfacet
   facet normal -5.487676e-001 -8.339413e-001 5.827605e-002
      outer loop
         vertex 7.591155e-001 2.167486e-001 3.508378e+000
         vertex 5.358188e-001 3.509316e-001 3.300000e+000
         vertex 7.499996e-001 2.009608e-001 3.300000e+000
      endloop
   endfacet
   facet normal -4.460637e-001 -8.873805e-001 1.165461e-001
      outer loop
         vertex 7.591155e-001 2.167486e-001 3.508378e+000
         vertex 7.499996e-001 2.009608e-001 3.300000e+000
         vertex 9.932052e-001 1.075920e-001 3.508378e+000
      endloop
   endfacet
   facet normal -3.956182e-001 -9.165643e-001 5.827605e-002
      outer loop
         vertex 9.932052e-001 1.075920e-001 3.508378e+000
         vertex 7.499996e-001 2.009608e-001 3.300000e+000
         vertex 9.869700e-001 9.045936e-002 3.300000e+000
      endloop
   endfacet
   facet normal -2.851950e-001 -9.513574e-001 1.165461e-001
      outer loop
         vertex 9.932052e-001 1.075920e-001 3.508378e+000
         vertex 9.869700e-001 9.045936e-002 3.300000e+000
         vertex 1.242694e+000 4.074164e-002 3.508378e+000
      endloop
   endfacet
   facet normal -2.304481e-001 -9.713380e-001 5.827604e-002
      outer loop
         vertex 1.242694e+000 4.074164e-002 3.508378e+000
         vertex 9.869700e-001 9.045936e-002 3.300000e+000
         vertex 1.239528e+000 2.278760e-002 3.300000e+000
      endloop
   endfacet
   facet normal -1.156608e-001 -9.864277e-001 1.165461e-001
      outer loop
         vertex 1.242694e+000 4.074164e-002 3.508378e+000
         vertex 1.239528e+000 2.278760e-002 3.300000e+000
         vertex 1.500000e+000 1.822971e-002 3.508378e+000
      endloop
   endfacet
   facet normal -5.827605e-002 -9.965981e-001 5.827605e-002
      outer loop
         vertex 1.500000e+000 1.822971e-002 3.508378e+000
         vertex 1.239528e+000 2.278760e-002 3.300000e+000
         vertex 1.500000e+000 0.000000e+000 3.300000e+000
      endloop
   endfacet
   facet normal 5.807913e-002 -4.802831e-017 9.983119e-001
      outer loop
         vertex 2.820000e+001 3.640000e+001 4.500000e+000
         vertex 2.840838e+001 3.640000e+001 4.481769e+000
         vertex 2.819544e+001 3.645209e+001 4.500000e+000
      endloop
   endfacet
   facet normal 1.152818e-001 1.008585e-002 9.932816e-001
      outer loop
         vertex 2.819544e+001 3.645209e+001 4.500000e+000
         vertex 2.840838e+001 3.640000e+001 4.481769e+000
         vertex 2.840065e+001 3.648828e+001 4.481769e+000
      endloop
   endfacet
   facet normal 5.719678e-002 1.008534e-002 9.983119e-001
      outer loop
         vertex 2.819544e+001 3.645209e+001 4.500000e+000
         vertex 2.840065e+001 3.648828e+001 4.481769e+000
         vertex 2.818191e+001 3.650261e+001 4.500000e+000
      endloop
   endfacet
   facet normal 1.117790e-001 2.995110e-002 9.932816e-001
      outer loop
         vertex 2.818191e+001 3.650261e+001 4.500000e+000
         vertex 2.840065e+001 3.648828e+001 4.481769e+000
         vertex 2.837772e+001 3.657387e+001 4.481769e+000
      endloop
   endfacet
   facet normal 5.457653e-002 1.986424e-002 9.983119e-001
      outer loop
         vertex 2.818191e+001 3.650261e+001 4.500000e+000
         vertex 2.837772e+001 3.657387e+001 4.481769e+000
         vertex 2.815981e+001 3.655000e+001 4.500000e+000
      endloop
   endfacet
   facet normal 1.048799e-001 4.890631e-002 9.932816e-001
      outer loop
         vertex 2.815981e+001 3.655000e+001 4.500000e+000
         vertex 2.837772e+001 3.657387e+001 4.481769e+000
         vertex 2.834027e+001 3.665419e+001 4.481769e+000
      endloop
   endfacet
   facet normal 5.029800e-002 2.903957e-002 9.983119e-001
      outer loop
         vertex 2.815981e+001 3.655000e+001 4.500000e+000
         vertex 2.834027e+001 3.665419e+001 4.481769e+000
         vertex 2.812981e+001 3.659283e+001 4.500000e+000
      endloop
   endfacet
   facet normal 9.479407e-002 6.637552e-002 9.932816e-001
      outer loop
         vertex 2.812981e+001 3.659283e+001 4.500000e+000
         vertex 2.834027e+001 3.665419e+001 4.481769e+000
         vertex 2.828944e+001 3.672678e+001 4.481769e+000
      endloop
   endfacet
   facet normal 4.449120e-002 3.733255e-002 9.983119e-001
      outer loop
         vertex 2.812981e+001 3.659283e+001 4.500000e+000
         vertex 2.828944e+001 3.672678e+001 4.481769e+000
         vertex 2.809283e+001 3.662981e+001 4.500000e+000
      endloop
   endfacet
   facet normal 8.182795e-002 8.182795e-002 9.932816e-001
      outer loop
         vertex 2.809283e+001 3.662981e+001 4.500000e+000
         vertex 2.828944e+001 3.672678e+001 4.481769e+000
         vertex 2.822678e+001 3.678944e+001 4.481769e+000
      endloop
   endfacet
   facet normal 3.733255e-002 4.449120e-002 9.983119e-001
      outer loop
         vertex 2.809283e+001 3.662981e+001 4.500000e+000
         vertex 2.822678e+001 3.678944e+001 4.481769e+000
         vertex 2.805000e+001 3.665981e+001 4.500000e+000
      endloop
   endfacet
   facet normal 6.637552e-002 9.479407e-002 9.932816e-001
      outer loop
         vertex 2.805000e+001 3.665981e+001 4.500000e+000
         vertex 2.822678e+001 3.678944e+001 4.481769e+000
         vertex 2.815419e+001 3.684027e+001 4.481769e+000
      endloop
   endfacet
   facet normal 2.903957e-002 5.029800e-002 9.983119e-001
      outer loop
         vertex 2.805000e+001 3.665981e+001 4.500000e+000
         vertex 2.815419e+001 3.684027e+001 4.481769e+000
         vertex 2.800261e+001 3.668190e+001 4.500000e+000
      endloop
   endfacet
   facet normal 4.890631e-002 1.048799e-001 9.932816e-001
      outer loop
         vertex 2.800261e+001 3.668190e+001 4.500000e+000
         vertex 2.815419e+001 3.684027e+001 4.481769e+000
         vertex 2.807388e+001 3.687772e+001 4.481769e+000
      endloop
   endfacet
   facet normal 1.986424e-002 5.457653e-002 9.983119e-001
      outer loop
         vertex 2.800261e+001 3.668190e+001 4.500000e+000
         vertex 2.807388e+001 3.687772e+001 4.481769e+000
         vertex 2.795209e+001 3.669544e+001 4.500000e+000
      endloop
   endfacet
   facet normal 2.995110e-002 1.117790e-001 9.932816e-001
      outer loop
         vertex 2.795209e+001 3.669544e+001 4.500000e+000
         vertex 2.807388e+001 3.687772e+001 4.481769e+000
         vertex 2.798828e+001 3.690065e+001 4.481769e+000
      endloop
   endfacet
   facet normal 1.008534e-002 5.719678e-002 9.983119e-001
      outer loop
         vertex 2.795209e+001 3.669544e+001 4.500000e+000
         vertex 2.798828e+001 3.690065e+001 4.481769e+000
         vertex 2.790000e+001 3.670000e+001 4.500000e+000
      endloop
   endfacet
   facet normal 1.008585e-002 1.152818e-001 9.932816e-001
      outer loop
         vertex 2.790000e+001 3.670000e+001 4.500000e+000
         vertex 2.798828e+001 3.690065e+001 4.481769e+000
         vertex 2.790000e+001 3.690838e+001 4.481769e+000
      endloop
   endfacet
   facet normal 2.297045e-001 1.008687e-002 9.732082e-001
      outer loop
         vertex 2.840838e+001 3.640000e+001 4.481769e+000
         vertex 2.861042e+001 3.640000e+001 4.427631e+000
         vertex 2.840065e+001 3.648828e+001 4.481769e+000
      endloop
   endfacet
   facet normal 2.843313e-001 2.995855e-002 9.582579e-001
      outer loop
         vertex 2.840065e+001 3.648828e+001 4.481769e+000
         vertex 2.861042e+001 3.640000e+001 4.427631e+000
         vertex 2.859963e+001 3.652337e+001 4.427631e+000
      endloop
   endfacet
   facet normal 2.244632e-001 4.982139e-002 9.732081e-001
      outer loop
         vertex 2.840065e+001 3.648828e+001 4.481769e+000
         vertex 2.859963e+001 3.652337e+001 4.427631e+000
         vertex 2.837772e+001 3.657387e+001 4.481769e+000
      endloop
   endfacet
   facet normal 2.748094e-001 7.887702e-002 9.582579e-001
      outer loop
         vertex 2.837772e+001 3.657387e+001 4.481769e+000
         vertex 2.859963e+001 3.652337e+001 4.427631e+000
         vertex 2.856758e+001 3.664297e+001 4.427631e+000
      endloop
   endfacet
   facet normal 2.124017e-001 8.804211e-002 9.732082e-001
      outer loop
         vertex 2.837772e+001 3.657387e+001 4.481769e+000
         vertex 2.856758e+001 3.664297e+001 4.427631e+000
         vertex 2.834027e+001 3.665419e+001 4.481769e+000
      endloop
   endfacet
   facet normal 2.569376e-001 1.253989e-001 9.582579e-001
      outer loop
         vertex 2.834027e+001 3.665419e+001 4.481769e+000
         vertex 2.856758e+001 3.664297e+001 4.427631e+000
         vertex 2.851525e+001 3.675521e+001 4.427631e+000
      endloop
   endfacet
   facet normal 1.938865e-001 1.235877e-001 9.732082e-001
      outer loop
         vertex 2.834027e+001 3.665419e+001 4.481769e+000
         vertex 2.851525e+001 3.675521e+001 4.427631e+000
         vertex 2.828944e+001 3.672678e+001 4.481769e+000
      endloop
   endfacet
   facet normal 2.312588e-001 1.681105e-001 9.582579e-001
      outer loop
         vertex 2.828944e+001 3.672678e+001 4.481769e+000
         vertex 2.851525e+001 3.675521e+001 4.427631e+000
         vertex 2.844422e+001 3.685665e+001 4.427631e+000
      endloop
   endfacet
   facet normal 1.694801e-001 1.553782e-001 9.732082e-001
      outer loop
         vertex 2.828944e+001 3.672678e+001 4.481769e+000
         vertex 2.844422e+001 3.685665e+001 4.427631e+000
         vertex 2.822678e+001 3.678944e+001 4.481769e+000
      endloop
   endfacet
   facet normal 1.985534e-001 2.057142e-001 9.582579e-001
      outer loop
         vertex 2.822678e+001 3.678944e+001 4.481769e+000
         vertex 2.844422e+001 3.685665e+001 4.427631e+000
         vertex 2.835665e+001 3.694422e+001 4.427631e+000
      endloop
   endfacet
   facet normal 1.399242e-001 1.824475e-001 9.732082e-001
      outer loop
         vertex 2.822678e+001 3.678944e+001 4.481769e+000
         vertex 2.835665e+001 3.694422e+001 4.427631e+000
         vertex 2.815419e+001 3.684027e+001 4.481769e+000
      endloop
   endfacet
   facet normal 1.598150e-001 2.370674e-001 9.582579e-001
      outer loop
         vertex 2.815419e+001 3.684027e+001 4.481769e+000
         vertex 2.835665e+001 3.694422e+001 4.427631e+000
         vertex 2.825521e+001 3.701524e+001 4.427631e+000
      endloop
   endfacet
   facet normal 1.061167e-001 2.039734e-001 9.732082e-001
      outer loop
         vertex 2.815419e+001 3.684027e+001 4.481769e+000
         vertex 2.825521e+001 3.701524e+001 4.427631e+000
         vertex 2.807388e+001 3.687772e+001 4.481769e+000
      endloop
   endfacet
   facet normal 1.162208e-001 2.612174e-001 9.582579e-001
      outer loop
         vertex 2.807388e+001 3.687772e+001 4.481769e+000
         vertex 2.825521e+001 3.701524e+001 4.427631e+000
         vertex 2.814298e+001 3.706758e+001 4.427631e+000
      endloop
   endfacet
   facet normal 6.908500e-002 2.193015e-001 9.732082e-001
      outer loop
         vertex 2.807388e+001 3.687772e+001 4.481769e+000
         vertex 2.814298e+001 3.706758e+001 4.427631e+000
         vertex 2.798828e+001 3.690065e+001 4.481769e+000
      endloop
   endfacet
   facet normal 6.909519e-002 2.774304e-001 9.582579e-001
      outer loop
         vertex 2.798828e+001 3.690065e+001 4.481769e+000
         vertex 2.814298e+001 3.706758e+001 4.427631e+000
         vertex 2.802336e+001 3.709963e+001 4.427631e+000
      endloop
   endfacet
   facet normal 2.995413e-002 2.279663e-001 9.732081e-001
      outer loop
         vertex 2.798828e+001 3.690065e+001 4.481769e+000
         vertex 2.802336e+001 3.709963e+001 4.427631e+000
         vertex 2.790000e+001 3.690838e+001 4.481769e+000
      endloop
   endfacet
   facet normal 1.987019e-002 2.852139e-001 9.582579e-001
      outer loop
         vertex 2.790000e+001 3.690838e+001 4.481769e+000
         vertex 2.802336e+001 3.709963e+001 4.427631e+000
         vertex 2.790000e+001 3.711042e+001 4.427631e+000
      endloop
   endfacet
   facet normal 3.944746e-001 1.987397e-002 9.186919e-001
      outer loop
         vertex 2.861042e+001 3.640000e+001 4.427631e+000
         vertex 2.880000e+001 3.640000e+001 4.339230e+000
         vertex 2.859963e+001 3.652337e+001 4.427631e+000
      endloop
   endfacet
   facet normal 4.448979e-001 4.893883e-002 8.942432e-001
      outer loop
         vertex 2.859963e+001 3.652337e+001 4.427631e+000
         vertex 2.880000e+001 3.640000e+001 4.339230e+000
         vertex 2.878633e+001 3.655628e+001 4.339230e+000
      endloop
   endfacet
   facet normal 3.850306e-001 8.807183e-002 9.186919e-001
      outer loop
         vertex 2.859963e+001 3.652337e+001 4.427631e+000
         vertex 2.878633e+001 3.655628e+001 4.339230e+000
         vertex 2.856758e+001 3.664297e+001 4.427631e+000
      endloop
   endfacet
   facet normal 4.296408e-001 1.254511e-001 8.942432e-001
      outer loop
         vertex 2.856758e+001 3.664297e+001 4.427631e+000
         vertex 2.878633e+001 3.655628e+001 4.339230e+000
         vertex 2.874572e+001 3.670782e+001 4.339230e+000
      endloop
   endfacet
   facet normal 3.638876e-001 1.535937e-001 9.186919e-001
      outer loop
         vertex 2.856758e+001 3.664297e+001 4.427631e+000
         vertex 2.874572e+001 3.670782e+001 4.339230e+000
         vertex 2.851525e+001 3.675521e+001 4.427631e+000
      endloop
   endfacet
   facet normal 4.013292e-001 1.981515e-001 8.942432e-001
      outer loop
         vertex 2.851525e+001 3.675521e+001 4.427631e+000
         vertex 2.874572e+001 3.670782e+001 4.339230e+000
         vertex 2.867942e+001 3.685000e+001 4.339230e+000
      endloop
   endfacet
   facet normal 3.316880e-001 2.144487e-001 9.186919e-001
      outer loop
         vertex 2.851525e+001 3.675521e+001 4.427631e+000
         vertex 2.867942e+001 3.685000e+001 4.339230e+000
         vertex 2.844422e+001 3.685665e+001 4.427631e+000
      endloop
   endfacet
   facet normal 3.608235e-001 2.648312e-001 8.942432e-001
      outer loop
         vertex 2.844422e+001 3.685665e+001 4.427631e+000
         vertex 2.867942e+001 3.685000e+001 4.339230e+000
         vertex 2.858944e+001 3.697850e+001 4.339230e+000
      endloop
   endfacet
   facet normal 2.894103e-001 2.687877e-001 9.186919e-001
      outer loop
         vertex 2.844422e+001 3.685665e+001 4.427631e+000
         vertex 2.858944e+001 3.697850e+001 4.339230e+000
         vertex 2.835665e+001 3.694422e+001 4.427631e+000
      endloop
   endfacet
   facet normal 3.093543e-001 3.234642e-001 8.942432e-001
      outer loop
         vertex 2.835665e+001 3.694422e+001 4.427631e+000
         vertex 2.858944e+001 3.697850e+001 4.339230e+000
         vertex 2.847851e+001 3.708944e+001 4.339230e+000
      endloop
   endfacet
   facet normal 2.383391e-001 3.149598e-001 9.186919e-001
      outer loop
         vertex 2.835665e+001 3.694422e+001 4.427631e+000
         vertex 2.847851e+001 3.708944e+001 4.339230e+000
         vertex 2.825521e+001 3.701524e+001 4.427631e+000
      endloop
   endfacet
   facet normal 2.484855e-001 3.722688e-001 8.942432e-001
      outer loop
         vertex 2.825521e+001 3.701524e+001 4.427631e+000
         vertex 2.847851e+001 3.708944e+001 4.339230e+000
         vertex 2.835000e+001 3.717942e+001 4.339230e+000
      endloop
   endfacet
   facet normal 1.800259e-001 3.515621e-001 9.186919e-001
      outer loop
         vertex 2.825521e+001 3.701524e+001 4.427631e+000
         vertex 2.835000e+001 3.717942e+001 4.339230e+000
         vertex 2.814298e+001 3.706758e+001 4.427631e+000
      endloop
   endfacet
   facet normal 1.800667e-001 4.097623e-001 8.942432e-001
      outer loop
         vertex 2.814298e+001 3.706758e+001 4.427631e+000
         vertex 2.835000e+001 3.717942e+001 4.339230e+000
         vertex 2.820782e+001 3.724572e+001 4.339230e+000
      endloop
   endfacet
   facet normal 1.162428e-001 3.774821e-001 9.186919e-001
      outer loop
         vertex 2.814298e+001 3.706758e+001 4.427631e+000
         vertex 2.820782e+001 3.724572e+001 4.339230e+000
         vertex 2.802336e+001 3.709963e+001 4.427631e+000
      endloop
   endfacet
   facet normal 1.061766e-001 4.348054e-001 8.942432e-001
      outer loop
         vertex 2.802336e+001 3.709963e+001 4.427631e+000
         vertex 2.820782e+001 3.724572e+001 4.339230e+000
         vertex 2.805628e+001 3.728633e+001 4.339230e+000
      endloop
   endfacet
   facet normal 4.892776e-002 3.919327e-001 9.186919e-001
      outer loop
         vertex 2.802336e+001 3.709963e+001 4.427631e+000
         vertex 2.805628e+001 3.728633e+001 4.339230e+000
         vertex 2.790000e+001 3.711042e+001 4.427631e+000
      endloop
   endfacet
   facet normal 2.906037e-002 4.466370e-001 8.942432e-001
      outer loop
         vertex 2.790000e+001 3.711042e+001 4.427631e+000
         vertex 2.805628e+001 3.728633e+001 4.339230e+000
         vertex 2.790000e+001 3.730000e+001 4.339230e+000
      endloop
   endfacet
   facet normal 5.474453e-001 2.906781e-002 8.363366e-001
      outer loop
         vertex 2.880000e+001 3.640000e+001 4.339230e+000
         vertex 2.897134e+001 3.640000e+001 4.219254e+000
         vertex 2.878633e+001 3.655628e+001 4.339230e+000
      endloop
   endfacet
   facet normal 5.921443e-001 6.645513e-002 8.030871e-001
      outer loop
         vertex 2.878633e+001 3.655628e+001 4.339230e+000
         vertex 2.897134e+001 3.640000e+001 4.219254e+000
         vertex 2.895507e+001 3.658604e+001 4.219254e+000
      endloop
   endfacet
   facet normal 5.340807e-001 1.236891e-001 8.363366e-001
      outer loop
         vertex 2.878633e+001 3.655628e+001 4.339230e+000
         vertex 2.895507e+001 3.658604e+001 4.219254e+000
         vertex 2.874572e+001 3.670782e+001 4.339230e+000
      endloop
   endfacet
   facet normal 5.716085e-001 1.682703e-001 8.030871e-001
      outer loop
         vertex 2.874572e+001 3.670782e+001 4.339230e+000
         vertex 2.895507e+001 3.658604e+001 4.219254e+000
         vertex 2.890673e+001 3.676642e+001 4.219254e+000
      endloop
   endfacet
   facet normal 5.044885e-001 2.145521e-001 8.363366e-001
      outer loop
         vertex 2.874572e+001 3.670782e+001 4.339230e+000
         vertex 2.890673e+001 3.676642e+001 4.219254e+000
         vertex 2.867942e+001 3.685000e+001 4.339230e+000
      endloop
   endfacet
   facet normal 5.337046e-001 2.649727e-001 8.030871e-001
      outer loop
         vertex 2.867942e+001 3.685000e+001 4.339230e+000
         vertex 2.890673e+001 3.676642e+001 4.219254e+000
         vertex 2.882781e+001 3.693567e+001 4.219254e+000
      endloop
   endfacet
   facet normal 4.595676e-001 2.988961e-001 8.363366e-001
      outer loop
         vertex 2.867942e+001 3.685000e+001 4.339230e+000
         vertex 2.882781e+001 3.693567e+001 4.219254e+000
         vertex 2.858944e+001 3.697850e+001 4.339230e+000
      endloop
   endfacet
   facet normal 4.795844e-001 3.536240e-001 8.030871e-001
      outer loop
         vertex 2.858944e+001 3.697850e+001 4.339230e+000
         vertex 2.882781e+001 3.693567e+001 4.219254e+000
         vertex 2.872070e+001 3.708865e+001 4.219254e+000
      endloop
   endfacet
   facet normal 4.006830e-001 3.741583e-001 8.363366e-001
      outer loop
         vertex 2.858944e+001 3.697850e+001 4.339230e+000
         vertex 2.872070e+001 3.708865e+001 4.219254e+000
         vertex 2.847851e+001 3.708944e+001 4.339230e+000
      endloop
   endfacet
   facet normal 4.108923e-001 4.315306e-001 8.030871e-001
      outer loop
         vertex 2.847851e+001 3.708944e+001 4.339230e+000
         vertex 2.872070e+001 3.708865e+001 4.219254e+000
         vertex 2.858865e+001 3.722070e+001 4.219254e+000
      endloop
   endfacet
   facet normal 3.296238e-001 4.380518e-001 8.363366e-001
      outer loop
         vertex 2.847851e+001 3.708944e+001 4.339230e+000
         vertex 2.858865e+001 3.722070e+001 4.219254e+000
         vertex 2.835000e+001 3.717942e+001 4.339230e+000
      endloop
   endfacet
   facet normal 3.297154e-001 4.963254e-001 8.030871e-001
      outer loop
         vertex 2.835000e+001 3.717942e+001 4.339230e+000
         vertex 2.858865e+001 3.722070e+001 4.219254e+000
         vertex 2.843567e+001 3.732781e+001 4.219254e+000
      endloop
   endfacet
   facet normal 2.485492e-001 4.886354e-001 8.363366e-001
      outer loop
         vertex 2.835000e+001 3.717942e+001 4.339230e+000
         vertex 2.843567e+001 3.732781e+001 4.219254e+000
         vertex 2.820782e+001 3.724572e+001 4.339230e+000
      endloop
   endfacet
   facet normal 2.385203e-001 5.460395e-001 8.030871e-001
      outer loop
         vertex 2.820782e+001 3.724572e+001 4.339230e+000
         vertex 2.843567e+001 3.732781e+001 4.219254e+000
         vertex 2.826642e+001 3.740673e+001 4.219254e+000
      endloop
   endfacet
   facet normal 1.599225e-001 5.243720e-001 8.363366e-001
      outer loop
         vertex 2.820782e+001 3.724572e+001 4.339230e+000
         vertex 2.826642e+001 3.740673e+001 4.219254e+000
         vertex 2.805628e+001 3.728633e+001 4.339230e+000
      endloop
   endfacet
   facet normal 1.400779e-001 5.791626e-001 8.030871e-001
      outer loop
         vertex 2.805628e+001 3.728633e+001 4.339230e+000
         vertex 2.826642e+001 3.740673e+001 4.219254e+000
         vertex 2.808604e+001 3.745507e+001 4.219254e+000
      endloop
   endfacet
   facet normal 6.643666e-002 5.441759e-001 8.363366e-001
      outer loop
         vertex 2.805628e+001 3.728633e+001 4.339230e+000
         vertex 2.808604e+001 3.745507e+001 4.219254e+000
         vertex 2.790000e+001 3.730000e+001 4.339230e+000
      endloop
   endfacet
   facet normal 3.737924e-002 5.946881e-001 8.030871e-001
      outer loop
         vertex 2.790000e+001 3.730000e+001 4.339230e+000
         vertex 2.808604e+001 3.745507e+001 4.219254e+000
         vertex 2.790000e+001 3.747135e+001 4.219254e+000
      endloop
   endfacet
   facet normal 6.839811e-001 3.739014e-002 7.285409e-001
      outer loop
         vertex 2.897134e+001 3.640000e+001 4.219254e+000
         vertex 2.911925e+001 3.640000e+001 4.071345e+000
         vertex 2.895507e+001 3.658604e+001 4.219254e+000
      endloop
   endfacet
   facet normal 7.215849e-001 8.197425e-002 6.874558e-001
      outer loop
         vertex 2.895507e+001 3.658604e+001 4.219254e+000
         vertex 2.911925e+001 3.640000e+001 4.071345e+000
         vertex 2.910073e+001 3.661172e+001 4.071345e+000
      endloop
   endfacet
   facet normal 6.670972e-001 1.555942e-001 7.285409e-001
      outer loop
         vertex 2.895507e+001 3.658604e+001 4.219254e+000
         vertex 2.910073e+001 3.661172e+001 4.071345e+000
         vertex 2.890673e+001 3.676642e+001 4.219254e+000
      endloop
   endfacet
   facet normal 6.963877e-001 2.060308e-001 6.874558e-001
      outer loop
         vertex 2.890673e+001 3.676642e+001 4.219254e+000
         vertex 2.910073e+001 3.661172e+001 4.071345e+000
         vertex 2.904572e+001 3.681701e+001 4.071345e+000
      endloop
   endfacet
   facet normal 6.299438e-001 2.690705e-001 7.285409e-001
      outer loop
         vertex 2.890673e+001 3.676642e+001 4.219254e+000
         vertex 2.904572e+001 3.681701e+001 4.071345e+000
         vertex 2.882781e+001 3.693567e+001 4.219254e+000
      endloop
   endfacet
   facet normal 6.500311e-001 3.238271e-001 6.874558e-001
      outer loop
         vertex 2.882781e+001 3.693567e+001 4.219254e+000
         vertex 2.904572e+001 3.681701e+001 4.071345e+000
         vertex 2.895590e+001 3.700963e+001 4.071345e+000
      endloop
   endfacet
   facet normal 5.736499e-001 3.743713e-001 7.285409e-001
      outer loop
         vertex 2.882781e+001 3.693567e+001 4.219254e+000
         vertex 2.895590e+001 3.700963e+001 4.071345e+000
         vertex 2.872070e+001 3.708865e+001 4.219254e+000
      endloop
   endfacet
   facet normal 5.839236e-001 4.317842e-001 6.874558e-001
      outer loop
         vertex 2.872070e+001 3.708865e+001 4.219254e+000
         vertex 2.895590e+001 3.700963e+001 4.071345e+000
         vertex 2.883400e+001 3.718372e+001 4.071345e+000
      endloop
   endfacet
   facet normal 4.999260e-001 4.682971e-001 7.285409e-001
      outer loop
         vertex 2.872070e+001 3.708865e+001 4.219254e+000
         vertex 2.883400e+001 3.718372e+001 4.071345e+000
         vertex 2.858865e+001 3.722070e+001 4.219254e+000
      endloop
   endfacet
   facet normal 5.000740e-001 5.266217e-001 6.874558e-001
      outer loop
         vertex 2.858865e+001 3.722070e+001 4.219254e+000
         vertex 2.883400e+001 3.718372e+001 4.071345e+000
         vertex 2.868372e+001 3.733400e+001 4.071345e+000
      endloop
   endfacet
   facet normal 4.110121e-001 5.479938e-001 7.285409e-001
      outer loop
         vertex 2.858865e+001 3.722070e+001 4.219254e+000
         vertex 2.868372e+001 3.733400e+001 4.071345e+000
         vertex 2.843567e+001 3.732781e+001 4.219254e+000
      endloop
   endfacet
   facet normal 4.010299e-001 6.054581e-001 6.874558e-001
      outer loop
         vertex 2.843567e+001 3.732781e+001 4.219254e+000
         vertex 2.868372e+001 3.733400e+001 4.071345e+000
         vertex 2.850963e+001 3.745590e+001 4.071345e+000
      endloop
   endfacet
   facet normal 3.096097e-001 6.110401e-001 7.285409e-001
      outer loop
         vertex 2.843567e+001 3.732781e+001 4.219254e+000
         vertex 2.850963e+001 3.745590e+001 4.071345e+000
         vertex 2.826642e+001 3.740673e+001 4.219254e+000
      endloop
   endfacet
   facet normal 2.898006e-001 6.658979e-001 6.874558e-001
      outer loop
         vertex 2.826642e+001 3.740673e+001 4.219254e+000
         vertex 2.850963e+001 3.745590e+001 4.071345e+000
         vertex 2.831701e+001 3.754572e+001 4.071345e+000
      endloop
   endfacet
   facet normal 1.988001e-001 6.555201e-001 7.285409e-001
      outer loop
         vertex 2.826642e+001 3.740673e+001 4.219254e+000
         vertex 2.831701e+001 3.754572e+001 4.071345e+000
         vertex 2.808604e+001 3.745507e+001 4.219254e+000
      endloop
   endfacet
   facet normal 1.697660e-001 7.061048e-001 6.874558e-001
      outer loop
         vertex 2.808604e+001 3.745507e+001 4.219254e+000
         vertex 2.831701e+001 3.754572e+001 4.071345e+000
         vertex 2.811172e+001 3.760073e+001 4.071345e+000
      endloop
   endfacet
   facet normal 8.194997e-002 6.800826e-001 7.285409e-001
      outer loop
         vertex 2.808604e+001 3.745507e+001 4.219254e+000
         vertex 2.811172e+001 3.760073e+001 4.071345e+000
         vertex 2.790000e+001 3.747135e+001 4.219254e+000
      endloop
   endfacet
   facet normal 4.457303e-002 7.248570e-001 6.874558e-001
      outer loop
         vertex 2.790000e+001 3.747135e+001 4.219254e+000
         vertex 2.811172e+001 3.760073e+001 4.071345e+000
         vertex 2.790000e+001 3.761925e+001 4.071345e+000
      endloop
   endfacet
   facet normal 7.998928e-001 4.458604e-002 5.984844e-001
      outer loop
         vertex 2.911925e+001 3.640000e+001 4.071345e+000
         vertex 2.923923e+001 3.640000e+001 3.900000e+000
         vertex 2.910073e+001 3.661172e+001 4.071345e+000
      endloop
   endfacet
   facet normal 8.292253e-001 9.501772e-002 5.507786e-001
      outer loop
         vertex 2.910073e+001 3.661172e+001 4.071345e+000
         vertex 2.923923e+001 3.640000e+001 3.900000e+000
         vertex 2.921888e+001 3.663255e+001 3.900000e+000
      endloop
   endfacet
   facet normal 7.799983e-001 1.828086e-001 5.984844e-001
      outer loop
         vertex 2.910073e+001 3.661172e+001 4.071345e+000
         vertex 2.921888e+001 3.663255e+001 3.900000e+000
         vertex 2.904572e+001 3.681701e+001 4.071345e+000
      endloop
   endfacet
   facet normal 8.001278e-001 2.375676e-001 5.507786e-001
      outer loop
         vertex 2.904572e+001 3.681701e+001 4.071345e+000
         vertex 2.921888e+001 3.663255e+001 3.900000e+000
         vertex 2.915847e+001 3.685804e+001 3.900000e+000
      endloop
   endfacet
   facet normal 7.364041e-001 3.154766e-001 5.984844e-001
      outer loop
         vertex 2.904572e+001 3.681701e+001 4.071345e+000
         vertex 2.915847e+001 3.685804e+001 3.900000e+000
         vertex 2.895590e+001 3.700963e+001 4.071345e+000
      endloop
   endfacet
   facet normal 7.467188e-001 3.728992e-001 5.507787e-001
      outer loop
         vertex 2.895590e+001 3.700963e+001 4.071345e+000
         vertex 2.915847e+001 3.685804e+001 3.900000e+000
         vertex 2.905981e+001 3.706961e+001 3.900000e+000
      endloop
   endfacet
   facet normal 6.704344e-001 4.385591e-001 5.984844e-001
      outer loop
         vertex 2.895590e+001 3.700963e+001 4.071345e+000
         vertex 2.905981e+001 3.706961e+001 3.900000e+000
         vertex 2.883400e+001 3.718372e+001 4.071345e+000
      endloop
   endfacet
   facet normal 6.706212e-001 4.969004e-001 5.507786e-001
      outer loop
         vertex 2.883400e+001 3.718372e+001 4.071345e+000
         vertex 2.905981e+001 3.706961e+001 3.900000e+000
         vertex 2.892591e+001 3.726084e+001 3.900000e+000
      endloop
   endfacet
   facet normal 5.840940e-001 5.483161e-001 5.984844e-001
      outer loop
         vertex 2.883400e+001 3.718372e+001 4.071345e+000
         vertex 2.892591e+001 3.726084e+001 3.900000e+000
         vertex 2.868372e+001 3.733400e+001 4.071345e+000
      endloop
   endfacet
   facet normal 5.741472e-001 6.058035e-001 5.507786e-001
      outer loop
         vertex 2.868372e+001 3.733400e+001 4.071345e+000
         vertex 2.892591e+001 3.726084e+001 3.900000e+000
         vertex 2.876084e+001 3.742591e+001 3.900000e+000
      endloop
   endfacet
   facet normal 4.800063e-001 6.414128e-001 5.984844e-001
      outer loop
         vertex 2.868372e+001 3.733400e+001 4.071345e+000
         vertex 2.876084e+001 3.742591e+001 3.900000e+000
         vertex 2.850963e+001 3.745590e+001 4.071345e+000
      endloop
   endfacet
   facet normal 4.602279e-001 6.962997e-001 5.507786e-001
      outer loop
         vertex 2.850963e+001 3.745590e+001 4.071345e+000
         vertex 2.876084e+001 3.742591e+001 3.900000e+000
         vertex 2.856962e+001 3.755981e+001 3.900000e+000
      endloop
   endfacet
   facet normal 3.613338e-001 7.150205e-001 5.984844e-001
      outer loop
         vertex 2.850963e+001 3.745590e+001 4.071345e+000
         vertex 2.856962e+001 3.755981e+001 3.900000e+000
         vertex 2.831701e+001 3.754572e+001 4.071345e+000
      endloop
   endfacet
   facet normal 3.323248e-001 7.656389e-001 5.507786e-001
      outer loop
         vertex 2.831701e+001 3.754572e+001 4.071345e+000
         vertex 2.856962e+001 3.755981e+001 3.900000e+000
         vertex 2.835804e+001 3.765846e+001 3.900000e+000
      endloop
   endfacet
   facet normal 2.316823e-001 7.669027e-001 5.984844e-001
      outer loop
         vertex 2.831701e+001 3.754572e+001 4.071345e+000
         vertex 2.835804e+001 3.765846e+001 3.900000e+000
         vertex 2.811172e+001 3.760073e+001 4.071345e+000
      endloop
   endfacet
   facet normal 1.943243e-001 8.117148e-001 5.507786e-001
      outer loop
         vertex 2.811172e+001 3.760073e+001 4.071345e+000
         vertex 2.835804e+001 3.765846e+001 3.900000e+000
         vertex 2.813256e+001 3.771888e+001 3.900000e+000
      endloop
   endfacet
   facet normal 9.499126e-002 7.954829e-001 5.984844e-001
      outer loop
         vertex 2.811172e+001 3.760073e+001 4.071345e+000
         vertex 2.813256e+001 3.771888e+001 3.900000e+000
         vertex 2.790000e+001 3.761925e+001 4.071345e+000
      endloop
   endfacet
   facet normal 5.041926e-002 8.331271e-001 5.507786e-001
      outer loop
         vertex 2.790000e+001 3.761925e+001 4.071345e+000
         vertex 2.813256e+001 3.771888e+001 3.900000e+000
         vertex 2.790000e+001 3.773923e+001 3.900000e+000
      endloop
   endfacet
   facet normal 8.915753e-001 5.043222e-002 4.500557e-001
      outer loop
         vertex 2.923923e+001 3.640000e+001 3.900000e+000
         vertex 2.932763e+001 3.640000e+001 3.710424e+000
         vertex 2.921888e+001 3.663255e+001 3.900000e+000
      endloop
   endfacet
   facet normal 9.116997e-001 1.051783e-001 3.971663e-001
      outer loop
         vertex 2.921888e+001 3.663255e+001 3.900000e+000
         vertex 2.932763e+001 3.640000e+001 3.710424e+000
         vertex 2.930594e+001 3.664790e+001 3.710424e+000
      endloop
   endfacet
   facet normal 8.692728e-001 2.044865e-001 4.500557e-001
      outer loop
         vertex 2.921888e+001 3.663255e+001 3.900000e+000
         vertex 2.930594e+001 3.664790e+001 3.710424e+000
         vertex 2.915847e+001 3.685804e+001 3.900000e+000
      endloop
   endfacet
   facet normal 8.795850e-001 2.618954e-001 3.971663e-001
      outer loop
         vertex 2.915847e+001 3.685804e+001 3.900000e+000
         vertex 2.930594e+001 3.664790e+001 3.710424e+000
         vertex 2.924154e+001 3.688828e+001 3.710424e+000
      endloop
   endfacet
   facet normal 8.205578e-001 3.523275e-001 4.500557e-001
      outer loop
         vertex 2.915847e+001 3.685804e+001 3.900000e+000
         vertex 2.924154e+001 3.688828e+001 3.710424e+000
         vertex 2.905981e+001 3.706961e+001 3.900000e+000
      endloop
   endfacet
   facet normal 8.207445e-001 4.106549e-001 3.971663e-001
      outer loop
         vertex 2.905981e+001 3.706961e+001 3.900000e+000
         vertex 2.924154e+001 3.688828e+001 3.710424e+000
         vertex 2.913637e+001 3.711382e+001 3.710424e+000
      endloop
   endfacet
   facet normal 7.469108e-001 4.894632e-001 4.500557e-001
      outer loop
         vertex 2.905981e+001 3.706961e+001 3.900000e+000
         vertex 2.913637e+001 3.711382e+001 3.710424e+000
         vertex 2.892591e+001 3.726084e+001 3.900000e+000
      endloop
   endfacet
   facet normal 7.369660e-001 5.469369e-001 3.971663e-001
      outer loop
         vertex 2.892591e+001 3.726084e+001 3.900000e+000
         vertex 2.913637e+001 3.711382e+001 3.710424e+000
         vertex 2.899363e+001 3.731767e+001 3.710424e+000
      endloop
   endfacet
   facet normal 6.505691e-001 6.117269e-001 4.500557e-001
      outer loop
         vertex 2.892591e+001 3.726084e+001 3.900000e+000
         vertex 2.899363e+001 3.731767e+001 3.710424e+000
         vertex 2.876084e+001 3.742591e+001 3.900000e+000
      endloop
   endfacet
   facet normal 6.307952e-001 6.666005e-001 3.971663e-001
      outer loop
         vertex 2.876084e+001 3.742591e+001 3.900000e+000
         vertex 2.899363e+001 3.731767e+001 3.710424e+000
         vertex 2.881767e+001 3.749363e+001 3.710424e+000
      endloop
   endfacet
   facet normal 5.344602e-001 7.154035e-001 4.500557e-001
      outer loop
         vertex 2.876084e+001 3.742591e+001 3.900000e+000
         vertex 2.881767e+001 3.749363e+001 3.710424e+000
         vertex 2.856962e+001 3.755981e+001 3.900000e+000
      endloop
   endfacet
   facet normal 5.054580e-001 7.660098e-001 3.971663e-001
      outer loop
         vertex 2.856962e+001 3.755981e+001 3.900000e+000
         vertex 2.881767e+001 3.749363e+001 3.710424e+000
         vertex 2.861382e+001 3.763636e+001 3.710424e+000
      endloop
   endfacet
   facet normal 4.021120e-001 7.973429e-001 4.500557e-001
      outer loop
         vertex 2.856962e+001 3.755981e+001 3.900000e+000
         vertex 2.861382e+001 3.763636e+001 3.710424e+000
         vertex 2.835804e+001 3.765846e+001 3.900000e+000
      endloop
   endfacet
   facet normal 3.647628e-001 8.421443e-001 3.971663e-001
      outer loop
         vertex 2.835804e+001 3.765846e+001 3.900000e+000
         vertex 2.861382e+001 3.763636e+001 3.710424e+000
         vertex 2.838828e+001 3.774154e+001 3.710424e+000
      endloop
   endfacet
   facet normal 2.575459e-001 8.550556e-001 4.500557e-001
      outer loop
         vertex 2.835804e+001 3.765846e+001 3.900000e+000
         vertex 2.838828e+001 3.774154e+001 3.710424e+000
         vertex 2.813256e+001 3.771888e+001 3.900000e+000
      endloop
   endfacet
   facet normal 2.129844e-001 8.926906e-001 3.971663e-001
      outer loop
         vertex 2.813256e+001 3.771888e+001 3.900000e+000
         vertex 2.838828e+001 3.774154e+001 3.710424e+000
         vertex 2.814791e+001 3.780594e+001 3.710424e+000
      endloop
   endfacet
   facet normal 1.051544e-001 8.867877e-001 4.500557e-001
      outer loop
         vertex 2.813256e+001 3.771888e+001 3.900000e+000
         vertex 2.814791e+001 3.780594e+001 3.710424e+000
         vertex 2.790000e+001 3.773923e+001 3.900000e+000
      endloop
   endfacet
   facet normal 5.473461e-002 9.161130e-001 3.971664e-001
      outer loop
         vertex 2.790000e+001 3.773923e+001 3.900000e+000
         vertex 2.814791e+001 3.780594e+001 3.710424e+000
         vertex 2.790000e+001 3.782763e+001 3.710424e+000
      endloop
   endfacet
   facet normal 9.561390e-001 5.474505e-002 2.877520e-001
      outer loop
         vertex 2.932763e+001 3.640000e+001 3.710424e+000
         vertex 2.938177e+001 3.640000e+001 3.508378e+000
         vertex 2.930594e+001 3.664790e+001 3.710424e+000
      endloop
   endfacet
   facet normal 9.663990e-001 1.121351e-001 2.312980e-001
      outer loop
         vertex 2.930594e+001 3.664790e+001 3.710424e+000
         vertex 2.938177e+001 3.640000e+001 3.508378e+000
         vertex 2.935926e+001 3.665730e+001 3.508378e+000
      endloop
   endfacet
   facet normal 9.321067e-001 2.199451e-001 2.877520e-001
      outer loop
         vertex 2.930594e+001 3.664790e+001 3.710424e+000
         vertex 2.935926e+001 3.665730e+001 3.508378e+000
         vertex 2.924154e+001 3.688828e+001 3.710424e+000
      endloop
   endfacet
   facet normal 9.322451e-001 2.782449e-001 2.312981e-001
      outer loop
         vertex 2.924154e+001 3.688828e+001 3.710424e+000
         vertex 2.935926e+001 3.665730e+001 3.508378e+000
         vertex 2.929241e+001 3.690680e+001 3.508378e+000
      endloop
   endfacet
   facet normal 8.797528e-001 3.784623e-001 2.877520e-001
      outer loop
         vertex 2.924154e+001 3.688828e+001 3.710424e+000
         vertex 2.929241e+001 3.690680e+001 3.508378e+000
         vertex 2.913637e+001 3.711382e+001 3.710424e+000
      endloop
   endfacet
   facet normal 8.697655e-001 4.359004e-001 2.312981e-001
      outer loop
         vertex 2.913637e+001 3.711382e+001 3.710424e+000
         vertex 2.929241e+001 3.690680e+001 3.508378e+000
         vertex 2.918325e+001 3.714088e+001 3.508378e+000
      endloop
   endfacet
   facet normal 8.006681e-001 5.254801e-001 2.877520e-001
      outer loop
         vertex 2.913637e+001 3.711382e+001 3.710424e+000
         vertex 2.918325e+001 3.714088e+001 3.508378e+000
         vertex 2.899363e+001 3.731767e+001 3.710424e+000
      endloop
   endfacet
   facet normal 7.808585e-001 5.803114e-001 2.312981e-001
      outer loop
         vertex 2.899363e+001 3.731767e+001 3.710424e+000
         vertex 2.918325e+001 3.714088e+001 3.508378e+000
         vertex 2.903510e+001 3.735246e+001 3.508378e+000
      endloop
   endfacet
   facet normal 6.972556e-001 6.565314e-001 2.877520e-001
      outer loop
         vertex 2.899363e+001 3.731767e+001 3.710424e+000
         vertex 2.903510e+001 3.735246e+001 3.508378e+000
         vertex 2.881767e+001 3.749363e+001 3.710424e+000
      endloop
   endfacet
   facet normal 6.682255e-001 7.070897e-001 2.312981e-001
      outer loop
         vertex 2.881767e+001 3.749363e+001 3.710424e+000
         vertex 2.903510e+001 3.735246e+001 3.508378e+000
         vertex 2.885246e+001 3.753510e+001 3.508378e+000
      endloop
   endfacet
   facet normal 5.726572e-001 7.676344e-001 2.877520e-001
      outer loop
         vertex 2.881767e+001 3.749363e+001 3.710424e+000
         vertex 2.885246e+001 3.753510e+001 3.508378e+000
         vertex 2.861382e+001 3.763636e+001 3.710424e+000
      endloop
   endfacet
   facet normal 5.352888e-001 8.123836e-001 2.312981e-001
      outer loop
         vertex 2.861382e+001 3.763636e+001 3.710424e+000
         vertex 2.885246e+001 3.753510e+001 3.508378e+000
         vertex 2.864088e+001 3.768325e+001 3.508378e+000
      endloop
   endfacet
   facet normal 4.306588e-001 8.554131e-001 2.877520e-001
      outer loop
         vertex 2.861382e+001 3.763636e+001 3.710424e+000
         vertex 2.864088e+001 3.768325e+001 3.508378e+000
         vertex 2.838828e+001 3.774154e+001 3.710424e+000
      endloop
   endfacet
   facet normal 3.860877e-001 8.929936e-001 2.312981e-001
      outer loop
         vertex 2.838828e+001 3.774154e+001 3.710424e+000
         vertex 2.864088e+001 3.768325e+001 3.508378e+000
         vertex 2.840680e+001 3.779241e+001 3.508378e+000
      endloop
   endfacet
   facet normal 2.755753e-001 9.172007e-001 2.877520e-001
      outer loop
         vertex 2.838828e+001 3.774154e+001 3.710424e+000
         vertex 2.840680e+001 3.779241e+001 3.508378e+000
         vertex 2.814791e+001 3.780594e+001 3.710424e+000
      endloop
   endfacet
   facet normal 2.251554e-001 9.464704e-001 2.312981e-001
      outer loop
         vertex 2.814791e+001 3.780594e+001 3.710424e+000
         vertex 2.840680e+001 3.779241e+001 3.508378e+000
         vertex 2.815731e+001 3.785926e+001 3.508378e+000
      endloop
   endfacet
   facet normal 1.121184e-001 9.511195e-001 2.877520e-001
      outer loop
         vertex 2.814791e+001 3.780594e+001 3.710424e+000
         vertex 2.815731e+001 3.785926e+001 3.508378e+000
         vertex 2.790000e+001 3.782763e+001 3.710424e+000
      endloop
   endfacet
   facet normal 5.738191e-002 9.711892e-001 2.312980e-001
      outer loop
         vertex 2.790000e+001 3.782763e+001 3.710424e+000
         vertex 2.815731e+001 3.785926e+001 3.508378e+000
         vertex 2.790000e+001 3.788177e+001 3.508378e+000
      endloop
   endfacet
   facet normal 9.915259e-001 5.738774e-002 1.165461e-001
      outer loop
         vertex 2.938177e+001 3.640000e+001 3.508378e+000
         vertex 2.940000e+001 3.640000e+001 3.300000e+000
         vertex 2.935926e+001 3.665730e+001 3.508378e+000
      endloop
   endfacet
   facet normal 9.915771e-001 1.156667e-001 5.827605e-002
      outer loop
         vertex 2.935926e+001 3.665730e+001 3.508378e+000
         vertex 2.940000e+001 3.640000e+001 3.300000e+000
         vertex 2.937721e+001 3.666047e+001 3.300000e+000
      endloop
   endfacet
   facet normal 9.664971e-001 2.286925e-001 1.165461e-001
      outer loop
         vertex 2.935926e+001 3.665730e+001 3.508378e+000
         vertex 2.937721e+001 3.666047e+001 3.300000e+000
         vertex 2.929241e+001 3.690680e+001 3.508378e+000
      endloop
   endfacet
   facet normal 9.564275e-001 2.860951e-001 5.827604e-002
      outer loop
         vertex 2.929241e+001 3.690680e+001 3.508378e+000
         vertex 2.937721e+001 3.666047e+001 3.300000e+000
         vertex 2.930954e+001 3.691303e+001 3.300000e+000
      endloop
   endfacet
   facet normal 9.121019e-001 3.930487e-001 1.165461e-001
      outer loop
         vertex 2.929241e+001 3.690680e+001 3.508378e+000
         vertex 2.930954e+001 3.691303e+001 3.300000e+000
         vertex 2.918325e+001 3.714088e+001 3.508378e+000
      endloop
   endfacet
   facet normal 8.922173e-001 4.478305e-001 5.827605e-002
      outer loop
         vertex 2.918325e+001 3.714088e+001 3.508378e+000
         vertex 2.930954e+001 3.691303e+001 3.300000e+000
         vertex 2.919904e+001 3.715000e+001 3.300000e+000
      endloop
   endfacet
   facet normal 8.299928e-001 5.454622e-001 1.165461e-001
      outer loop
         vertex 2.918325e+001 3.714088e+001 3.508378e+000
         vertex 2.919904e+001 3.715000e+001 3.300000e+000
         vertex 2.903510e+001 3.735246e+001 3.508378e+000
      endloop
   endfacet
   facet normal 8.008975e-001 5.959589e-001 5.827604e-002
      outer loop
         vertex 2.903510e+001 3.735246e+001 3.508378e+000
         vertex 2.919904e+001 3.715000e+001 3.300000e+000
         vertex 2.904907e+001 3.736418e+001 3.300000e+000
      endloop
   endfacet
   facet normal 7.226648e-001 6.813022e-001 1.165461e-001
      outer loop
         vertex 2.903510e+001 3.735246e+001 3.508378e+000
         vertex 2.904907e+001 3.736418e+001 3.300000e+000
         vertex 2.885246e+001 3.753510e+001 3.508378e+000
      endloop
   endfacet
   facet normal 6.852430e-001 7.259793e-001 5.827604e-002
      outer loop
         vertex 2.885246e+001 3.753510e+001 3.508378e+000
         vertex 2.904907e+001 3.736418e+001 3.300000e+000
         vertex 2.886418e+001 3.754906e+001 3.300000e+000
      endloop
   endfacet
   facet normal 5.933790e-001 7.964410e-001 1.165461e-001
      outer loop
         vertex 2.885246e+001 3.753510e+001 3.508378e+000
         vertex 2.886418e+001 3.754906e+001 3.300000e+000
         vertex 2.864088e+001 3.768325e+001 3.508378e+000
      endloop
   endfacet
   facet normal 5.487676e-001 8.339413e-001 5.827605e-002
      outer loop
         vertex 2.864088e+001 3.768325e+001 3.508378e+000
         vertex 2.886418e+001 3.754906e+001 3.300000e+000
         vertex 2.865000e+001 3.769904e+001 3.300000e+000
      endloop
   endfacet
   facet normal 4.460637e-001 8.873805e-001 1.165461e-001
      outer loop
         vertex 2.864088e+001 3.768325e+001 3.508378e+000
         vertex 2.865000e+001 3.769904e+001 3.300000e+000
         vertex 2.840680e+001 3.779241e+001 3.508378e+000
      endloop
   endfacet
   facet normal 3.956182e-001 9.165643e-001 5.827605e-002
      outer loop
         vertex 2.840680e+001 3.779241e+001 3.508378e+000
         vertex 2.865000e+001 3.769904e+001 3.300000e+000
         vertex 2.841303e+001 3.780954e+001 3.300000e+000
      endloop
   endfacet
   facet normal 2.851950e-001 9.513574e-001 1.165461e-001
      outer loop
         vertex 2.840680e+001 3.779241e+001 3.508378e+000
         vertex 2.841303e+001 3.780954e+001 3.300000e+000
         vertex 2.815731e+001 3.785926e+001 3.508378e+000
      endloop
   endfacet
   facet normal 2.304481e-001 9.713380e-001 5.827604e-002
      outer loop
         vertex 2.815731e+001 3.785926e+001 3.508378e+000
         vertex 2.841303e+001 3.780954e+001 3.300000e+000
         vertex 2.816047e+001 3.787721e+001 3.300000e+000
      endloop
   endfacet
   facet normal 1.156608e-001 9.864277e-001 1.165461e-001
      outer loop
         vertex 2.815731e+001 3.785926e+001 3.508378e+000
         vertex 2.816047e+001 3.787721e+001 3.300000e+000
         vertex 2.790000e+001 3.788177e+001 3.508378e+000
      endloop
   endfacet
   facet normal 5.827605e-002 9.965981e-001 5.827605e-002
      outer loop
         vertex 2.790000e+001 3.788177e+001 3.508378e+000
         vertex 2.816047e+001 3.787721e+001 3.300000e+000
         vertex 2.790000e+001 3.790000e+001 3.300000e+000
      endloop
   endfacet
   facet normal 0.000000e+000 -5.228807e-002 9.986320e-001
      outer loop
         vertex 2.790000e+001 1.012279e+000 4.485226e+000
         vertex 2.790000e+001 1.200000e+000 4.500000e+000
         vertex 1.500000e+000 1.200000e+000 4.500000e+000
      endloop
   endfacet
   facet normal 0.000000e+000 -1.103425e-001 9.938936e-001
      outer loop
         vertex 2.790000e+001 1.012279e+000 4.485226e+000
         vertex 1.500000e+000 1.200000e+000 4.500000e+000
         vertex 2.790000e+001 9.919629e-001 4.480349e+000
      endloop
   endfacet
   facet normal 0.000000e+000 -1.161336e-001 9.932336e-001
      outer loop
         vertex 2.790000e+001 9.919629e-001 4.480349e+000
         vertex 1.500000e+000 1.200000e+000 4.500000e+000
         vertex 1.500000e+000 9.916220e-001 4.481769e+000
      endloop
   endfacet
   facet normal 0.000000e+000 -2.192216e-001 9.756751e-001
      outer loop
         vertex 2.790000e+001 9.919629e-001 4.480349e+000
         vertex 1.500000e+000 9.916220e-001 4.481769e+000
         vertex 2.790000e+001 8.291788e-001 4.441268e+000
      endloop
   endfacet
   facet normal 0.000000e+000 -2.756485e-001 9.612585e-001
      outer loop
         vertex 2.790000e+001 8.291788e-001 4.441268e+000
         vertex 1.500000e+000 9.916220e-001 4.481769e+000
         vertex 2.790000e+001 7.905532e-001 4.425269e+000
      endloop
   endfacet
   facet normal 0.000000e+000 -2.868365e-001 9.579796e-001
      outer loop
         vertex 2.790000e+001 7.905532e-001 4.425269e+000
         vertex 1.500000e+000 9.916220e-001 4.481769e+000
         vertex 1.500000e+000 7.895753e-001 4.427631e+000
      endloop
   endfacet
   facet normal 0.000000e+000 -3.799448e-001 9.250092e-001
      outer loop
         vertex 2.790000e+001 7.905532e-001 4.425269e+000
         vertex 1.500000e+000 7.895753e-001 4.427631e+000
         vertex 2.790000e+001 6.552115e-001 4.369208e+000
      endloop
   endfacet
   facet normal 0.000000e+000 -4.331393e-001 9.013270e-001
      outer loop
         vertex 2.790000e+001 6.552115e-001 4.369208e+000
         vertex 1.500000e+000 7.895753e-001 4.427631e+000
         vertex 2.790000e+001 6.017163e-001 4.336427e+000
      endloop
   endfacet
   facet normal 0.000000e+000 -4.488365e-001 8.936139e-001
      outer loop
         vertex 2.790000e+001 6.017163e-001 4.336427e+000
         vertex 1.500000e+000 7.895753e-001 4.427631e+000
         vertex 1.500000e+000 5.999990e-001 4.339230e+000
      endloop
   endfacet
   facet normal 0.000000e+000 -5.298869e-001 8.480683e-001
      outer loop
         vertex 2.790000e+001 6.017163e-001 4.336427e+000
         vertex 1.500000e+000 5.999990e-001 4.339230e+000
         vertex 2.790000e+001 4.946571e-001 4.270821e+000
      endloop
   endfacet
   facet normal 0.000000e+000 -5.783371e-001 8.157979e-001
      outer loop
         vertex 2.790000e+001 4.946571e-001 4.270821e+000
         vertex 1.500000e+000 5.999990e-001 4.339230e+000
         vertex 2.790000e+001 4.310273e-001 4.216475e+000
      endloop
   endfacet
   facet normal 0.000000e+000 -5.972043e-001 8.020892e-001
      outer loop
         vertex 2.790000e+001 4.310273e-001 4.216475e+000
         vertex 1.500000e+000 5.999990e-001 4.339230e+000
         vertex 1.500000e+000 4.286543e-001 4.219254e+000
      endloop
   endfacet
   facet normal 0.000000e+000 -6.647832e-001 7.470364e-001
      outer loop
         vertex 2.790000e+001 4.310273e-001 4.216475e+000
         vertex 1.500000e+000 4.286543e-001 4.219254e+000
         vertex 2.790000e+001 3.514718e-001 4.148528e+000
      endloop
   endfacet
   facet normal 0.000000e+000 -7.071068e-001 7.071068e-001
      outer loop
         vertex 2.790000e+001 3.514718e-001 4.148528e+000
         vertex 1.500000e+000 4.286543e-001 4.219254e+000
         vertex 1.500000e+000 2.807453e-001 4.071345e+000
      endloop
   endfacet
   facet normal 0.000000e+000 -7.470364e-001 6.647831e-001
      outer loop
         vertex 2.790000e+001 3.514718e-001 4.148528e+000
         vertex 1.500000e+000 2.807453e-001 4.071345e+000
         vertex 2.790000e+001 2.835244e-001 4.068973e+000
      endloop
   endfacet
   facet normal 0.000000e+000 -7.807969e-001 6.247849e-001
      outer loop
         vertex 2.790000e+001 2.835244e-001 4.068973e+000
         vertex 1.500000e+000 2.807453e-001 4.071345e+000
         vertex 2.790000e+001 2.291780e-001 4.005342e+000
      endloop
   endfacet
   facet normal 0.000000e+000 -8.157927e-001 5.783443e-001
      outer loop
         vertex 2.790000e+001 2.291780e-001 4.005342e+000
         vertex 1.500000e+000 2.807453e-001 4.071345e+000
         vertex 1.500000e+000 1.607686e-001 3.900000e+000
      endloop
   endfacet
   facet normal 0.000000e+000 -8.480683e-001 5.298869e-001
      outer loop
         vertex 2.790000e+001 2.291780e-001 4.005342e+000
         vertex 1.500000e+000 1.607686e-001 3.900000e+000
         vertex 2.790000e+001 1.635719e-001 3.898282e+000
      endloop
   endfacet
   facet normal 0.000000e+000 -8.746305e-001 4.847902e-001
      outer loop
         vertex 2.790000e+001 1.635719e-001 3.898282e+000
         vertex 1.500000e+000 1.607686e-001 3.900000e+000
         vertex 2.790000e+001 1.307912e-001 3.844789e+000
      endloop
   endfacet
   facet normal 0.000000e+000 -9.013166e-001 4.331610e-001
      outer loop
         vertex 2.790000e+001 1.307912e-001 3.844789e+000
         vertex 1.500000e+000 1.607686e-001 3.900000e+000
         vertex 1.500000e+000 7.236749e-002 3.710424e+000
      endloop
   endfacet
   facet normal 0.000000e+000 -9.250092e-001 3.799448e-001
      outer loop
         vertex 2.790000e+001 1.307912e-001 3.844789e+000
         vertex 1.500000e+000 7.236749e-002 3.710424e+000
         vertex 2.790000e+001 7.473119e-002 3.709446e+000
      endloop
   endfacet
   facet normal 0.000000e+000 -9.436186e-001 3.310346e-001
      outer loop
         vertex 2.790000e+001 7.473119e-002 3.709446e+000
         vertex 1.500000e+000 7.236749e-002 3.710424e+000
         vertex 2.790000e+001 5.873106e-002 3.670820e+000
      endloop
   endfacet
   facet normal 0.000000e+000 -9.612499e-001 2.756783e-001
      outer loop
         vertex 2.790000e+001 5.873106e-002 3.670820e+000
         vertex 1.500000e+000 7.236749e-002 3.710424e+000
         vertex 1.500000e+000 1.822971e-002 3.508378e+000
      endloop
   endfacet
   facet normal 0.000000e+000 -9.756751e-001 2.192216e-001
      outer loop
         vertex 2.790000e+001 5.873106e-002 3.670820e+000
         vertex 1.500000e+000 1.822971e-002 3.508378e+000
         vertex 2.790000e+001 1.965091e-002 3.508037e+000
      endloop
   endfacet
   facet normal 0.000000e+000 -9.858055e-001 1.678915e-001
      outer loop
         vertex 2.790000e+001 1.965091e-002 3.508037e+000
         vertex 1.500000e+000 1.822971e-002 3.508378e+000
         vertex 2.790000e+001 1.477264e-002 3.487721e+000
      endloop
   endfacet
   facet normal 0.000000e+000 -9.938909e-001 1.103672e-001
      outer loop
         vertex 2.790000e+001 1.477264e-002 3.487721e+000
         vertex 1.500000e+000 1.822971e-002 3.508378e+000
         vertex 1.500000e+000 0.000000e+000 3.300000e+000
      endloop
   endfacet
   facet normal 0.000000e+000 -9.986320e-001 5.228807e-002
      outer loop
         vertex 2.790000e+001 1.477264e-002 3.487721e+000
         vertex 1.500000e+000 0.000000e+000 3.300000e+000
         vertex 2.790000e+001 0.000000e+000 3.300000e+000
      endloop
   endfacet
   facet normal 5.228807e-002 0.000000e+000 9.986320e-001
      outer loop
         vertex 2.820000e+001 1.499999e+000 4.500000e+000
         vertex 2.838772e+001 1.499999e+000 4.485226e+000
         vertex 2.820000e+001 3.640000e+001 4.500000e+000
      endloop
   endfacet
   facet normal 1.103672e-001 0.000000e+000 9.938909e-001
      outer loop
         vertex 2.820000e+001 3.640000e+001 4.500000e+000
         vertex 2.838772e+001 1.499999e+000 4.485226e+000
         vertex 2.840838e+001 3.640000e+001 4.481769e+000
      endloop
   endfacet
   facet normal 1.678915e-001 0.000000e+000 9.858055e-001
      outer loop
         vertex 2.838772e+001 1.499999e+000 4.485226e+000
         vertex 2.840804e+001 1.499999e+000 4.480349e+000
         vertex 2.840838e+001 3.640000e+001 4.481769e+000
      endloop
   endfacet
   facet normal 2.192216e-001 0.000000e+000 9.756751e-001
      outer loop
         vertex 2.840838e+001 3.640000e+001 4.481769e+000
         vertex 2.840804e+001 1.499999e+000 4.480349e+000
         vertex 2.857082e+001 1.499999e+000 4.441268e+000
      endloop
   endfacet
   facet normal 2.756783e-001 0.000000e+000 9.612499e-001
      outer loop
         vertex 2.840838e+001 3.640000e+001 4.481769e+000
         vertex 2.857082e+001 1.499999e+000 4.441268e+000
         vertex 2.861042e+001 3.640000e+001 4.427631e+000
      endloop
   endfacet
   facet normal 3.310346e-001 0.000000e+000 9.436186e-001
      outer loop
         vertex 2.857082e+001 1.499999e+000 4.441268e+000
         vertex 2.860945e+001 1.499999e+000 4.425269e+000
         vertex 2.861042e+001 3.640000e+001 4.427631e+000
      endloop
   endfacet
   facet normal 3.799448e-001 0.000000e+000 9.250092e-001
      outer loop
         vertex 2.861042e+001 3.640000e+001 4.427631e+000
         vertex 2.860945e+001 1.499999e+000 4.425269e+000
         vertex 2.874479e+001 1.499999e+000 4.369208e+000
      endloop
   endfacet
   facet normal 4.331610e-001 0.000000e+000 9.013166e-001
      outer loop
         vertex 2.861042e+001 3.640000e+001 4.427631e+000
         vertex 2.874479e+001 1.499999e+000 4.369208e+000
         vertex 2.880000e+001 3.640000e+001 4.339230e+000
      endloop
   endfacet
   facet normal 4.847902e-001 0.000000e+000 8.746305e-001
      outer loop
         vertex 2.874479e+001 1.499999e+000 4.369208e+000
         vertex 2.879828e+001 1.499999e+000 4.336427e+000
         vertex 2.880000e+001 3.640000e+001 4.339230e+000
      endloop
   endfacet
   facet normal 5.298869e-001 0.000000e+000 8.480683e-001
      outer loop
         vertex 2.880000e+001 3.640000e+001 4.339230e+000
         vertex 2.879828e+001 1.499999e+000 4.336427e+000
         vertex 2.890534e+001 1.499999e+000 4.270821e+000
      endloop
   endfacet
   facet normal 5.783443e-001 0.000000e+000 8.157927e-001
      outer loop
         vertex 2.880000e+001 3.640000e+001 4.339230e+000
         vertex 2.890534e+001 1.499999e+000 4.270821e+000
         vertex 2.897134e+001 3.640000e+001 4.219254e+000
      endloop
   endfacet
   facet normal 6.247848e-001 0.000000e+000 7.807969e-001
      outer loop
         vertex 2.897134e+001 3.640000e+001 4.219254e+000
         vertex 2.890534e+001 1.499999e+000 4.270821e+000
         vertex 2.896897e+001 1.499999e+000 4.216475e+000
      endloop
   endfacet
   facet normal 6.861873e-001 0.000000e+000 7.274249e-001
      outer loop
         vertex 2.897134e+001 3.640000e+001 4.219254e+000
         vertex 2.896897e+001 1.499999e+000 4.216475e+000
         vertex 2.911925e+001 3.640000e+001 4.071345e+000
      endloop
   endfacet
   facet normal 7.071005e-001 0.000000e+000 7.071131e-001
      outer loop
         vertex 2.896897e+001 1.499999e+000 4.216475e+000
         vertex 2.904853e+001 1.499999e+000 4.148528e+000
         vertex 2.911925e+001 3.640000e+001 4.071345e+000
      endloop
   endfacet
   facet normal 7.470364e-001 0.000000e+000 6.647831e-001
      outer loop
         vertex 2.911925e+001 3.640000e+001 4.071345e+000
         vertex 2.904853e+001 1.499999e+000 4.148528e+000
         vertex 2.911647e+001 1.499999e+000 4.068973e+000
      endloop
   endfacet
   facet normal 8.020892e-001 0.000000e+000 5.972043e-001
      outer loop
         vertex 2.911925e+001 3.640000e+001 4.071345e+000
         vertex 2.911647e+001 1.499999e+000 4.068973e+000
         vertex 2.923923e+001 3.640000e+001 3.900000e+000
      endloop
   endfacet
   facet normal 8.157979e-001 0.000000e+000 5.783371e-001
      outer loop
         vertex 2.911647e+001 1.499999e+000 4.068973e+000
         vertex 2.917082e+001 1.499999e+000 4.005342e+000
         vertex 2.923923e+001 3.640000e+001 3.900000e+000
      endloop
   endfacet
   facet normal 8.480683e-001 0.000000e+000 5.298869e-001
      outer loop
         vertex 2.923923e+001 3.640000e+001 3.900000e+000
         vertex 2.917082e+001 1.499999e+000 4.005342e+000
         vertex 2.923643e+001 1.499999e+000 3.898282e+000
      endloop
   endfacet
   facet normal 8.936139e-001 0.000000e+000 4.488365e-001
      outer loop
         vertex 2.923923e+001 3.640000e+001 3.900000e+000
         vertex 2.923643e+001 1.499999e+000 3.898282e+000
         vertex 2.932763e+001 3.640000e+001 3.710424e+000
      endloop
   endfacet
   facet normal 9.013270e-001 0.000000e+000 4.331394e-001
      outer loop
         vertex 2.923643e+001 1.499999e+000 3.898282e+000
         vertex 2.926921e+001 1.499999e+000 3.844789e+000
         vertex 2.932763e+001 3.640000e+001 3.710424e+000
      endloop
   endfacet
   facet normal 9.250092e-001 0.000000e+000 3.799448e-001
      outer loop
         vertex 2.932763e+001 3.640000e+001 3.710424e+000
         vertex 2.926921e+001 1.499999e+000 3.844789e+000
         vertex 2.932527e+001 1.499999e+000 3.709446e+000
      endloop
   endfacet
   facet normal 9.579796e-001 0.000000e+000 2.868365e-001
      outer loop
         vertex 2.932763e+001 3.640000e+001 3.710424e+000
         vertex 2.932527e+001 1.499999e+000 3.709446e+000
         vertex 2.938177e+001 3.640000e+001 3.508378e+000
      endloop
   endfacet
   facet normal 9.612585e-001 0.000000e+000 2.756485e-001
      outer loop
         vertex 2.932527e+001 1.499999e+000 3.709446e+000
         vertex 2.934127e+001 1.499999e+000 3.670820e+000
         vertex 2.938177e+001 3.640000e+001 3.508378e+000
      endloop
   endfacet
   facet normal 9.756751e-001 0.000000e+000 2.192216e-001
      outer loop
         vertex 2.938177e+001 3.640000e+001 3.508378e+000
         vertex 2.934127e+001 1.499999e+000 3.670820e+000
         vertex 2.938035e+001 1.499999e+000 3.508037e+000
      endloop
   endfacet
   facet normal 9.932336e-001 0.000000e+000 1.161336e-001
      outer loop
         vertex 2.938177e+001 3.640000e+001 3.508378e+000
         vertex 2.938035e+001 1.499999e+000 3.508037e+000
         vertex 2.940000e+001 3.640000e+001 3.300000e+000
      endloop
   endfacet
   facet normal 9.938936e-001 0.000000e+000 1.103425e-001
      outer loop
         vertex 2.940000e+001 3.640000e+001 3.300000e+000
         vertex 2.938035e+001 1.499999e+000 3.508037e+000
         vertex 2.938523e+001 1.499999e+000 3.487721e+000
      endloop
   endfacet
   facet normal 9.986320e-001 0.000000e+000 5.228807e-002
      outer loop
         vertex 2.940000e+001 3.640000e+001 3.300000e+000
         vertex 2.938523e+001 1.499999e+000 3.487721e+000
         vertex 2.940000e+001 1.499999e+000 3.300000e+000
      endloop
   endfacet
   facet normal 5.164239e-002 -9.853418e-001 1.625873e-001
      outer loop
         vertex 2.790000e+001 1.965091e-002 3.508037e+000
         vertex 2.790000e+001 1.477264e-002 3.487721e+000
         vertex 2.813234e+001 3.305823e-002 3.487721e+000
      endloop
   endfacet
   facet normal 9.629287e-001 -4.982659e-002 2.651142e-001
      outer loop
         vertex 2.938035e+001 1.499999e+000 3.508037e+000
         vertex 2.934127e+001 1.499999e+000 3.670820e+000
         vertex 2.932352e+001 1.274535e+000 3.670820e+000
      endloop
   endfacet
   facet normal 4.972185e-002 -9.458334e-001 3.208224e-001
      outer loop
         vertex 2.790000e+001 7.473119e-002 3.709446e+000
         vertex 2.790000e+001 5.873106e-002 3.670820e+000
         vertex 2.812547e+001 7.647648e-002 3.670820e+000
      endloop
   endfacet
   facet normal 9.071251e-001 -4.664319e-002 4.182682e-001
      outer loop
         vertex 2.932527e+001 1.499999e+000 3.709446e+000
         vertex 2.926921e+001 1.499999e+000 3.844789e+000
         vertex 2.925235e+001 1.285808e+000 3.844789e+000
      endloop
   endfacet
   facet normal 4.657541e-002 -8.811924e-001 4.704581e-001
      outer loop
         vertex 2.790000e+001 1.635719e-001 3.898282e+000
         vertex 2.790000e+001 1.307912e-001 3.844789e+000
         vertex 2.811419e+001 1.476482e-001 3.844789e+000
      endloop
   endfacet
   facet normal 8.272576e-001 -4.231628e-002 5.602269e-001
      outer loop
         vertex 2.923643e+001 1.499999e+000 3.898282e+000
         vertex 2.917082e+001 1.499999e+000 4.005342e+000
         vertex 2.915517e+001 1.301199e+000 4.005342e+000
      endloop
   endfacet
   facet normal 4.228274e-002 -7.931921e-001 6.075017e-001
      outer loop
         vertex 2.790000e+001 2.835244e-001 4.068973e+000
         vertex 2.790000e+001 2.291780e-001 4.005342e+000
         vertex 2.809880e+001 2.448242e-001 4.005342e+000
      endloop
   endfacet
   facet normal 7.255061e-001 -3.695599e-002 6.872228e-001
      outer loop
         vertex 2.911647e+001 1.499999e+000 4.068973e+000
         vertex 2.904853e+001 1.499999e+000 4.148528e+000
         vertex 2.903439e+001 1.320330e+000 4.148528e+000
      endloop
   endfacet
   facet normal 3.695156e-002 -6.842323e-001 7.283273e-001
      outer loop
         vertex 2.790000e+001 4.310273e-001 4.216475e+000
         vertex 2.790000e+001 3.514718e-001 4.148528e+000
         vertex 2.807967e+001 3.656112e-001 4.148528e+000
      endloop
   endfacet
   facet normal 6.046264e-001 -3.069697e-002 7.959175e-001
      outer loop
         vertex 2.896897e+001 1.499999e+000 4.216475e+000
         vertex 2.890534e+001 1.499999e+000 4.270821e+000
         vertex 2.889296e+001 1.342729e+000 4.270821e+000
      endloop
   endfacet
   facet normal 3.071433e-002 -5.572584e-001 8.297708e-001
      outer loop
         vertex 2.790000e+001 6.017163e-001 4.336427e+000
         vertex 2.790000e+001 4.946571e-001 4.270821e+000
         vertex 2.805727e+001 5.070344e-001 4.270821e+000
      endloop
   endfacet
   facet normal 4.678626e-001 -2.369450e-002 8.834835e-001
      outer loop
         vertex 2.879828e+001 1.499999e+000 4.336427e+000
         vertex 2.874479e+001 1.499999e+000 4.369208e+000
         vertex 2.873439e+001 1.367845e+000 4.369208e+000
      endloop
   endfacet
   facet normal 2.372439e-002 -4.156708e-001 9.092057e-001
      outer loop
         vertex 2.790000e+001 7.905532e-001 4.425269e+000
         vertex 2.790000e+001 6.552115e-001 4.369208e+000
         vertex 2.803215e+001 6.656107e-001 4.369208e+000
      endloop
   endfacet
   facet normal 3.188514e-001 -1.612024e-002 9.476676e-001
      outer loop
         vertex 2.860945e+001 1.499999e+000 4.425269e+000
         vertex 2.857082e+001 1.499999e+000 4.441268e+000
         vertex 2.856256e+001 1.395060e+000 4.441268e+000
      endloop
   endfacet
   facet normal 1.615194e-002 -2.632258e-001 9.645990e-001
      outer loop
         vertex 2.790000e+001 9.919629e-001 4.480349e+000
         vertex 2.790000e+001 8.291788e-001 4.441268e+000
         vertex 2.800494e+001 8.374378e-001 4.441268e+000
      endloop
   endfacet
   facet normal 1.615228e-001 -8.158097e-003 9.868353e-001
      outer loop
         vertex 2.840804e+001 1.499999e+000 4.480349e+000
         vertex 2.838772e+001 1.499999e+000 4.485226e+000
         vertex 2.838172e+001 1.423704e+000 4.485226e+000
      endloop
   endfacet
   facet normal -1.457269e-016 -5.228807e-002 9.986320e-001
      outer loop
         vertex 2.790000e+001 1.200000e+000 4.500000e+000
         vertex 2.790000e+001 1.012279e+000 4.485226e+000
         vertex 2.794693e+001 1.203693e+000 4.500000e+000
      endloop
   endfacet
   facet normal 8.179932e-003 -1.039359e-001 9.945503e-001
      outer loop
         vertex 2.794693e+001 1.203693e+000 4.500000e+000
         vertex 2.790000e+001 1.012279e+000 4.485226e+000
         vertex 2.797630e+001 1.018282e+000 4.485226e+000
      endloop
   endfacet
   facet normal 8.179656e-003 -5.164432e-002 9.986320e-001
      outer loop
         vertex 2.794693e+001 1.203693e+000 4.500000e+000
         vertex 2.797630e+001 1.018282e+000 4.485226e+000
         vertex 2.799270e+001 1.214683e+000 4.500000e+000
      endloop
   endfacet
   facet normal 2.433838e-002 -1.013767e-001 9.945503e-001
      outer loop
         vertex 2.799270e+001 1.214683e+000 4.500000e+000
         vertex 2.797630e+001 1.018282e+000 4.485226e+000
         vertex 2.805071e+001 1.036149e+000 4.485226e+000
      endloop
   endfacet
   facet normal 1.615790e-002 -4.972892e-002 9.986320e-001
      outer loop
         vertex 2.799270e+001 1.214683e+000 4.500000e+000
         vertex 2.805071e+001 1.036149e+000 4.485226e+000
         vertex 2.803620e+001 1.232697e+000 4.500000e+000
      endloop
   endfacet
   facet normal 3.989754e-002 -9.632118e-002 9.945503e-001
      outer loop
         vertex 2.803620e+001 1.232697e+000 4.500000e+000
         vertex 2.805071e+001 1.036149e+000 4.485226e+000
         vertex 2.812142e+001 1.065437e+000 4.485226e+000
      endloop
   endfacet
   facet normal 2.373829e-002 -4.658902e-002 9.986320e-001
      outer loop
         vertex 2.803620e+001 1.232697e+000 4.500000e+000
         vertex 2.812142e+001 1.065437e+000 4.485226e+000
         vertex 2.807634e+001 1.257295e+000 4.500000e+000
      endloop
   endfacet
   facet normal 5.447428e-002 -8.889395e-002 9.945503e-001
      outer loop
         vertex 2.807634e+001 1.257295e+000 4.500000e+000
         vertex 2.812142e+001 1.065437e+000 4.485226e+000
         vertex 2.818668e+001 1.105424e+000 4.485226e+000
      endloop
   endfacet
   facet normal 3.073416e-002 -4.230194e-002 9.986320e-001
      outer loop
         vertex 2.807634e+001 1.257295e+000 4.500000e+000
         vertex 2.818668e+001 1.105424e+000 4.485226e+000
         vertex 2.811213e+001 1.287866e+000 4.500000e+000
      endloop
   endfacet
   facet normal 6.770969e-002 -7.927786e-002 9.945503e-001
      outer loop
         vertex 2.811213e+001 1.287866e+000 4.500000e+000
         vertex 2.818668e+001 1.105424e+000 4.485226e+000
         vertex 2.824487e+001 1.155129e+000 4.485226e+000
      endloop
   endfacet
   facet normal 3.697325e-002 -3.697325e-002 9.986320e-001
      outer loop
         vertex 2.811213e+001 1.287866e+000 4.500000e+000
         vertex 2.824487e+001 1.155129e+000 4.485226e+000
         vertex 2.814271e+001 1.323665e+000 4.500000e+000
      endloop
   endfacet
   facet normal 7.927786e-002 -6.770969e-002 9.945503e-001
      outer loop
         vertex 2.814271e+001 1.323665e+000 4.500000e+000
         vertex 2.824487e+001 1.155129e+000 4.485226e+000
         vertex 2.829457e+001 1.213323e+000 4.485226e+000
      endloop
   endfacet
   facet normal 4.230194e-002 -3.073416e-002 9.986320e-001
      outer loop
         vertex 2.814271e+001 1.323665e+000 4.500000e+000
         vertex 2.829457e+001 1.213323e+000 4.485226e+000
         vertex 2.816730e+001 1.363803e+000 4.500000e+000
      endloop
   endfacet
   facet normal 8.889395e-002 -5.447428e-002 9.945503e-001
      outer loop
         vertex 2.816730e+001 1.363803e+000 4.500000e+000
         vertex 2.829457e+001 1.213323e+000 4.485226e+000
         vertex 2.833456e+001 1.278579e+000 4.485226e+000
      endloop
   endfacet
   facet normal 4.658902e-002 -2.373829e-002 9.986320e-001
      outer loop
         vertex 2.816730e+001 1.363803e+000 4.500000e+000
         vertex 2.833456e+001 1.278579e+000 4.485226e+000
         vertex 2.818532e+001 1.407294e+000 4.500000e+000
      endloop
   endfacet
   facet normal 9.632118e-002 -3.989754e-002 9.945503e-001
      outer loop
         vertex 2.818532e+001 1.407294e+000 4.500000e+000
         vertex 2.833456e+001 1.278579e+000 4.485226e+000
         vertex 2.836385e+001 1.349285e+000 4.485226e+000
      endloop
   endfacet
   facet normal 4.972892e-002 -1.615790e-002 9.986320e-001
      outer loop
         vertex 2.818532e+001 1.407294e+000 4.500000e+000
         vertex 2.836385e+001 1.349285e+000 4.485226e+000
         vertex 2.819631e+001 1.453068e+000 4.500000e+000
      endloop
   endfacet
   facet normal 1.013767e-001 -2.433838e-002 9.945503e-001
      outer loop
         vertex 2.819631e+001 1.453068e+000 4.500000e+000
         vertex 2.836385e+001 1.349285e+000 4.485226e+000
         vertex 2.838172e+001 1.423704e+000 4.485226e+000
      endloop
   endfacet
   facet normal 5.164432e-002 -8.179656e-003 9.986320e-001
      outer loop
         vertex 2.819631e+001 1.453068e+000 4.500000e+000
         vertex 2.838172e+001 1.423704e+000 4.485226e+000
         vertex 2.820000e+001 1.499999e+000 4.500000e+000
      endloop
   endfacet
   facet normal 1.039359e-001 -8.179932e-003 9.945503e-001
      outer loop
         vertex 2.820000e+001 1.499999e+000 4.500000e+000
         vertex 2.838172e+001 1.423704e+000 4.485226e+000
         vertex 2.838772e+001 1.499999e+000 4.485226e+000
      endloop
   endfacet
   facet normal 8.158097e-003 -1.615228e-001 9.868353e-001
      outer loop
         vertex 2.790000e+001 1.012279e+000 4.485226e+000
         vertex 2.790000e+001 9.919629e-001 4.480349e+000
         vertex 2.797630e+001 1.018282e+000 4.485226e+000
      endloop
   endfacet
   facet normal 2.433369e-002 -2.116449e-001 9.770436e-001
      outer loop
         vertex 2.797630e+001 1.018282e+000 4.485226e+000
         vertex 2.790000e+001 9.919629e-001 4.480349e+000
         vertex 2.800494e+001 8.374378e-001 4.441268e+000
      endloop
   endfacet
   facet normal 4.049952e-002 -2.034106e-001 9.782556e-001
      outer loop
         vertex 2.797630e+001 1.018282e+000 4.485226e+000
         vertex 2.800494e+001 8.374378e-001 4.441268e+000
         vertex 2.805071e+001 1.036149e+000 4.485226e+000
      endloop
   endfacet
   facet normal 6.424646e-002 -2.500287e-001 9.661046e-001
      outer loop
         vertex 2.805071e+001 1.036149e+000 4.485226e+000
         vertex 2.800494e+001 8.374378e-001 4.441268e+000
         vertex 2.810729e+001 8.620117e-001 4.441268e+000
      endloop
   endfacet
   facet normal 7.182134e-002 -1.945707e-001 9.782556e-001
      outer loop
         vertex 2.805071e+001 1.036149e+000 4.485226e+000
         vertex 2.810729e+001 8.620117e-001 4.441268e+000
         vertex 2.812142e+001 1.065437e+000 4.485226e+000
      endloop
   endfacet
   facet normal 1.025686e-001 -2.369001e-001 9.661046e-001
      outer loop
         vertex 2.812142e+001 1.065437e+000 4.485226e+000
         vertex 2.810729e+001 8.620117e-001 4.441268e+000
         vertex 2.820455e+001 9.022933e-001 4.441268e+000
      endloop
   endfacet
   facet normal 1.013747e-001 -1.809399e-001 9.782556e-001
      outer loop
         vertex 2.812142e+001 1.065437e+000 4.485226e+000
         vertex 2.820455e+001 9.022933e-001 4.441268e+000
         vertex 2.818668e+001 1.105424e+000 4.485226e+000
      endloop
   endfacet
   facet normal 1.383651e-001 -2.179382e-001 9.661046e-001
      outer loop
         vertex 2.818668e+001 1.105424e+000 4.485226e+000
         vertex 2.820455e+001 9.022933e-001 4.441268e+000
         vertex 2.829430e+001 9.572935e-001 4.441268e+000
      endloop
   endfacet
   facet normal 1.284318e-001 -1.628538e-001 9.782556e-001
      outer loop
         vertex 2.818668e+001 1.105424e+000 4.485226e+000
         vertex 2.829430e+001 9.572935e-001 4.441268e+000
         vertex 2.824487e+001 1.155129e+000 4.485226e+000
      endloop
   endfacet
   facet normal 1.707547e-001 -1.936099e-001 9.661046e-001
      outer loop
         vertex 2.824487e+001 1.155129e+000 4.485226e+000
         vertex 2.829430e+001 9.572935e-001 4.441268e+000
         vertex 2.837434e+001 1.025658e+000 4.441268e+000
      endloop
   endfacet
   facet normal 1.523266e-001 -1.407576e-001 9.782556e-001
      outer loop
         vertex 2.824487e+001 1.155129e+000 4.485226e+000
         vertex 2.837434e+001 1.025658e+000 4.441268e+000
         vertex 2.829457e+001 1.213323e+000 4.485226e+000
      endloop
   endfacet
   facet normal 1.989397e-001 -1.645143e-001 9.661046e-001
      outer loop
         vertex 2.829457e+001 1.213323e+000 4.485226e+000
         vertex 2.837434e+001 1.025658e+000 4.441268e+000
         vertex 2.844271e+001 1.105702e+000 4.441268e+000
      endloop
   endfacet
   facet normal 1.724705e-001 -1.151955e-001 9.782556e-001
      outer loop
         vertex 2.829457e+001 1.213323e+000 4.485226e+000
         vertex 2.844271e+001 1.105702e+000 4.441268e+000
         vertex 2.833456e+001 1.278579e+000 4.485226e+000
      endloop
   endfacet
   facet normal 2.222261e-001 -1.313679e-001 9.661046e-001
      outer loop
         vertex 2.833456e+001 1.278579e+000 4.485226e+000
         vertex 2.844271e+001 1.105702e+000 4.441268e+000
         vertex 2.849771e+001 1.195453e+000 4.441268e+000
      endloop
   endfacet
   facet normal 1.883676e-001 -8.679695e-002 9.782556e-001
      outer loop
         vertex 2.833456e+001 1.278579e+000 4.485226e+000
         vertex 2.849771e+001 1.195453e+000 4.441268e+000
         vertex 2.836385e+001 1.349285e+000 4.485226e+000
      endloop
   endfacet
   facet normal 2.400406e-001 -9.498670e-002 9.661046e-001
      outer loop
         vertex 2.836385e+001 1.349285e+000 4.485226e+000
         vertex 2.849771e+001 1.195453e+000 4.441268e+000
         vertex 2.853799e+001 1.292704e+000 4.441268e+000
      endloop
   endfacet
   facet normal 1.996266e-001 -5.626114e-002 9.782556e-001
      outer loop
         vertex 2.836385e+001 1.349285e+000 4.485226e+000
         vertex 2.853799e+001 1.292704e+000 4.441268e+000
         vertex 2.838172e+001 1.423704e+000 4.485226e+000
      endloop
   endfacet
   facet normal 2.519445e-001 -5.626664e-002 9.661046e-001
      outer loop
         vertex 2.838172e+001 1.423704e+000 4.485226e+000
         vertex 2.853799e+001 1.292704e+000 4.441268e+000
         vertex 2.856256e+001 1.395060e+000 4.441268e+000
      endloop
   endfacet
   facet normal 2.116449e-001 -2.433369e-002 9.770436e-001
      outer loop
         vertex 2.838172e+001 1.423704e+000 4.485226e+000
         vertex 2.856256e+001 1.395060e+000 4.441268e+000
         vertex 2.840804e+001 1.499999e+000 4.480349e+000
      endloop
   endfacet
   facet normal 2.632258e-001 -1.615194e-002 9.645990e-001
      outer loop
         vertex 2.840804e+001 1.499999e+000 4.480349e+000
         vertex 2.856256e+001 1.395060e+000 4.441268e+000
         vertex 2.857082e+001 1.499999e+000 4.441268e+000
      endloop
   endfacet
   facet normal 1.612024e-002 -3.188514e-001 9.476676e-001
      outer loop
         vertex 2.790000e+001 8.291788e-001 4.441268e+000
         vertex 2.790000e+001 7.905532e-001 4.425269e+000
         vertex 2.800494e+001 8.374378e-001 4.441268e+000
      endloop
   endfacet
   facet normal 3.989161e-002 -3.661432e-001 9.297031e-001
      outer loop
         vertex 2.800494e+001 8.374378e-001 4.441268e+000
         vertex 2.790000e+001 7.905532e-001 4.425269e+000
         vertex 2.803215e+001 6.656107e-001 4.369208e+000
      endloop
   endfacet
   facet normal 7.183744e-002 -3.502416e-001 9.339005e-001
      outer loop
         vertex 2.800494e+001 8.374378e-001 4.441268e+000
         vertex 2.803215e+001 6.656107e-001 4.369208e+000
         vertex 2.810729e+001 8.620117e-001 4.441268e+000
      endloop
   endfacet
   facet normal 1.025972e-001 -3.926170e-001 9.139615e-001
      outer loop
         vertex 2.810729e+001 8.620117e-001 4.441268e+000
         vertex 2.803215e+001 6.656107e-001 4.369208e+000
         vertex 2.816105e+001 6.965566e-001 4.369208e+000
      endloop
   endfacet
   facet normal 1.257429e-001 -3.346917e-001 9.339005e-001
      outer loop
         vertex 2.810729e+001 8.620117e-001 4.441268e+000
         vertex 2.816105e+001 6.965566e-001 4.369208e+000
         vertex 2.820455e+001 9.022933e-001 4.441268e+000
      endloop
   endfacet
   facet normal 1.627529e-001 -3.717335e-001 9.139615e-001
      outer loop
         vertex 2.820455e+001 9.022933e-001 4.441268e+000
         vertex 2.816105e+001 6.965566e-001 4.369208e+000
         vertex 2.828353e+001 7.472876e-001 4.369208e+000
      endloop
   endfacet
   facet normal 1.765521e-001 -3.109005e-001 9.339005e-001
      outer loop
         vertex 2.820455e+001 9.022933e-001 4.441268e+000
         vertex 2.828353e+001 7.472876e-001 4.369208e+000
         vertex 2.829430e+001 9.572935e-001 4.441268e+000
      endloop
   endfacet
   facet normal 2.189011e-001 -3.416967e-001 9.139615e-001
      outer loop
         vertex 2.829430e+001 9.572935e-001 4.441268e+000
         vertex 2.828353e+001 7.472876e-001 4.369208e+000
         vertex 2.839655e+001 8.165501e-001 4.369208e+000
      endloop
   endfacet
   facet normal 2.230140e-001 -2.794540e-001 9.339005e-001
      outer loop
         vertex 2.829430e+001 9.572935e-001 4.441268e+000
         vertex 2.839655e+001 8.165501e-001 4.369208e+000
         vertex 2.837434e+001 1.025658e+000 4.441268e+000
      endloop
   endfacet
   facet normal 2.696592e-001 -3.032462e-001 9.139615e-001
      outer loop
         vertex 2.837434e+001 1.025658e+000 4.441268e+000
         vertex 2.839655e+001 8.165501e-001 4.369208e+000
         vertex 2.849736e+001 9.026434e-001 4.369208e+000
      endloop
   endfacet
   facet normal 2.639846e-001 -2.411264e-001 9.339005e-001
      outer loop
         vertex 2.837434e+001 1.025658e+000 4.441268e+000
         vertex 2.849736e+001 9.026434e-001 4.369208e+000
         vertex 2.844271e+001 1.105702e+000 4.441268e+000
      endloop
   endfacet
   facet normal 3.137774e-001 -2.573287e-001 9.139615e-001
      outer loop
         vertex 2.844271e+001 1.105702e+000 4.441268e+000
         vertex 2.849736e+001 9.026434e-001 4.369208e+000
         vertex 2.858345e+001 1.003444e+000 4.369208e+000
      endloop
   endfacet
   facet normal 2.984549e-001 -1.968615e-001 9.339005e-001
      outer loop
         vertex 2.844271e+001 1.105702e+000 4.441268e+000
         vertex 2.858345e+001 1.003444e+000 4.369208e+000
         vertex 2.849771e+001 1.195453e+000 4.441268e+000
      endloop
   endfacet
   facet normal 3.501694e-001 -2.050750e-001 9.139615e-001
      outer loop
         vertex 2.849771e+001 1.195453e+000 4.441268e+000
         vertex 2.858345e+001 1.003444e+000 4.369208e+000
         vertex 2.865271e+001 1.116473e+000 4.369208e+000
      endloop
   endfacet
   facet normal 3.255764e-001 -1.477491e-001 9.339005e-001
      outer loop
         vertex 2.849771e+001 1.195453e+000 4.441268e+000
         vertex 2.865271e+001 1.116473e+000 4.369208e+000
         vertex 2.853799e+001 1.292704e+000 4.441268e+000
      endloop
   endfacet
   facet normal 3.779390e-001 -1.477716e-001 9.139615e-001
      outer loop
         vertex 2.853799e+001 1.292704e+000 4.441268e+000
         vertex 2.865271e+001 1.116473e+000 4.369208e+000
         vertex 2.870344e+001 1.238946e+000 4.369208e+000
      endloop
   endfacet
   facet normal 3.446810e-001 -9.499873e-002 9.339005e-001
      outer loop
         vertex 2.853799e+001 1.292704e+000 4.441268e+000
         vertex 2.870344e+001 1.238946e+000 4.369208e+000
         vertex 2.856256e+001 1.395060e+000 4.441268e+000
      endloop
   endfacet
   facet normal 3.964024e-001 -8.682963e-002 9.139615e-001
      outer loop
         vertex 2.856256e+001 1.395060e+000 4.441268e+000
         vertex 2.870344e+001 1.238946e+000 4.369208e+000
         vertex 2.873439e+001 1.367845e+000 4.369208e+000
      endloop
   endfacet
   facet normal 3.661432e-001 -3.989161e-002 9.297031e-001
      outer loop
         vertex 2.856256e+001 1.395060e+000 4.441268e+000
         vertex 2.873439e+001 1.367845e+000 4.369208e+000
         vertex 2.860945e+001 1.499999e+000 4.425269e+000
      endloop
   endfacet
   facet normal 4.156708e-001 -2.372439e-002 9.092057e-001
      outer loop
         vertex 2.860945e+001 1.499999e+000 4.425269e+000
         vertex 2.873439e+001 1.367845e+000 4.369208e+000
         vertex 2.874479e+001 1.499999e+000 4.369208e+000
      endloop
   endfacet
   facet normal 2.369450e-002 -4.678626e-001 8.834835e-001
      outer loop
         vertex 2.790000e+001 6.552115e-001 4.369208e+000
         vertex 2.790000e+001 6.017163e-001 4.336427e+000
         vertex 2.803215e+001 6.656107e-001 4.369208e+000
      endloop
   endfacet
   facet normal 5.447825e-002 -5.110837e-001 8.578028e-001
      outer loop
         vertex 2.803215e+001 6.656107e-001 4.369208e+000
         vertex 2.790000e+001 6.017163e-001 4.336427e+000
         vertex 2.805727e+001 5.070344e-001 4.270821e+000
      endloop
   endfacet
   facet normal 1.014305e-001 -4.885623e-001 8.666134e-001
      outer loop
         vertex 2.803215e+001 6.656107e-001 4.369208e+000
         vertex 2.805727e+001 5.070344e-001 4.270821e+000
         vertex 2.816105e+001 6.965566e-001 4.369208e+000
      endloop
   endfacet
   facet normal 1.384544e-001 -5.256606e-001 8.393517e-001
      outer loop
         vertex 2.816105e+001 6.965566e-001 4.369208e+000
         vertex 2.805727e+001 5.070344e-001 4.270821e+000
         vertex 2.821067e+001 5.438626e-001 4.270821e+000
      endloop
   endfacet
   facet normal 1.766097e-001 -4.666801e-001 8.666134e-001
      outer loop
         vertex 2.816105e+001 6.965566e-001 4.369208e+000
         vertex 2.821067e+001 5.438626e-001 4.270821e+000
         vertex 2.828353e+001 7.472876e-001 4.369208e+000
      endloop
   endfacet
   facet normal 2.189813e-001 -4.975298e-001 8.393517e-001
      outer loop
         vertex 2.828353e+001 7.472876e-001 4.369208e+000
         vertex 2.821067e+001 5.438626e-001 4.270821e+000
         vertex 2.835642e+001 6.042328e-001 4.270821e+000
      endloop
   endfacet
   facet normal 2.474402e-001 -4.333067e-001 8.666133e-001
      outer loop
         vertex 2.828353e+001 7.472876e-001 4.369208e+000
         vertex 2.835642e+001 6.042328e-001 4.270821e+000
         vertex 2.839655e+001 8.165501e-001 4.369208e+000
      endloop
   endfacet
   facet normal 2.941161e-001 -4.571482e-001 8.393517e-001
      outer loop
         vertex 2.839655e+001 8.165501e-001 4.369208e+000
         vertex 2.835642e+001 6.042328e-001 4.270821e+000
         vertex 2.849092e+001 6.866604e-001 4.270821e+000
      endloop
   endfacet
   facet normal 3.121779e-001 -3.892637e-001 8.666133e-001
      outer loop
         vertex 2.839655e+001 8.165501e-001 4.369208e+000
         vertex 2.849092e+001 6.866604e-001 4.270821e+000
         vertex 2.849736e+001 9.026434e-001 4.369208e+000
      endloop
   endfacet
   facet normal 3.620088e-001 -4.055100e-001 8.393517e-001
      outer loop
         vertex 2.849736e+001 9.026434e-001 4.369208e+000
         vertex 2.849092e+001 6.866604e-001 4.270821e+000
         vertex 2.861089e+001 7.891152e-001 4.270821e+000
      endloop
   endfacet
   facet normal 3.692288e-001 -3.356359e-001 8.666133e-001
      outer loop
         vertex 2.849736e+001 9.026434e-001 4.369208e+000
         vertex 2.861089e+001 7.891152e-001 4.270821e+000
         vertex 2.858345e+001 1.003444e+000 4.369208e+000
      endloop
   endfacet
   facet normal 4.209875e-001 -3.438869e-001 8.393517e-001
      outer loop
         vertex 2.858345e+001 1.003444e+000 4.369208e+000
         vertex 2.861089e+001 7.891152e-001 4.270821e+000
         vertex 2.871334e+001 9.090733e-001 4.270821e+000
      endloop
   endfacet
   facet normal 4.171879e-001 -2.737435e-001 8.666133e-001
      outer loop
         vertex 2.858345e+001 1.003444e+000 4.369208e+000
         vertex 2.871334e+001 9.090733e-001 4.270821e+000
         vertex 2.865271e+001 1.116473e+000 4.369208e+000
      endloop
   endfacet
   facet normal 4.696003e-001 -2.737961e-001 8.393517e-001
      outer loop
         vertex 2.865271e+001 1.116473e+000 4.369208e+000
         vertex 2.871334e+001 9.090733e-001 4.270821e+000
         vertex 2.879577e+001 1.043584e+000 4.270821e+000
      endloop
   endfacet
   facet normal 4.548746e-001 -2.051107e-001 8.666133e-001
      outer loop
         vertex 2.865271e+001 1.116473e+000 4.369208e+000
         vertex 2.879577e+001 1.043584e+000 4.270821e+000
         vertex 2.870344e+001 1.238946e+000 4.369208e+000
      endloop
   endfacet
   facet normal 5.066498e-001 -1.969636e-001 8.393517e-001
      outer loop
         vertex 2.870344e+001 1.238946e+000 4.369208e+000
         vertex 2.879577e+001 1.043584e+000 4.270821e+000
         vertex 2.885614e+001 1.189331e+000 4.270821e+000
      endloop
   endfacet
   facet normal 4.813607e-001 -1.314274e-001 8.666134e-001
      outer loop
         vertex 2.870344e+001 1.238946e+000 4.369208e+000
         vertex 2.885614e+001 1.189331e+000 4.270821e+000
         vertex 2.873439e+001 1.367845e+000 4.369208e+000
      endloop
   endfacet
   facet normal 5.312240e-001 -1.152811e-001 8.393517e-001
      outer loop
         vertex 2.873439e+001 1.367845e+000 4.369208e+000
         vertex 2.885614e+001 1.189331e+000 4.270821e+000
         vertex 2.889296e+001 1.342729e+000 4.270821e+000
      endloop
   endfacet
   facet normal 5.110837e-001 -5.447825e-002 8.578028e-001
      outer loop
         vertex 2.873439e+001 1.367845e+000 4.369208e+000
         vertex 2.889296e+001 1.342729e+000 4.270821e+000
         vertex 2.879828e+001 1.499999e+000 4.336427e+000
      endloop
   endfacet
   facet normal 5.572584e-001 -3.071433e-002 8.297708e-001
      outer loop
         vertex 2.879828e+001 1.499999e+000 4.336427e+000
         vertex 2.889296e+001 1.342729e+000 4.270821e+000
         vertex 2.890534e+001 1.499999e+000 4.270821e+000
      endloop
   endfacet
   facet normal 3.069697e-002 -6.046264e-001 7.959175e-001
      outer loop
         vertex 2.790000e+001 4.946571e-001 4.270821e+000
         vertex 2.790000e+001 4.310273e-001 4.216475e+000
         vertex 2.805727e+001 5.070344e-001 4.270821e+000
      endloop
   endfacet
   facet normal 6.773903e-002 -6.426321e-001 7.631745e-001
      outer loop
         vertex 2.805727e+001 5.070344e-001 4.270821e+000
         vertex 2.790000e+001 4.310273e-001 4.216475e+000
         vertex 2.807967e+001 3.656112e-001 4.148528e+000
      endloop
   endfacet
   facet normal 1.285536e-001 -6.149828e-001 7.779911e-001
      outer loop
         vertex 2.805727e+001 5.070344e-001 4.270821e+000
         vertex 2.807967e+001 3.656112e-001 4.148528e+000
         vertex 2.821067e+001 5.438626e-001 4.270821e+000
      endloop
   endfacet
   facet normal 1.709363e-001 -6.458868e-001 7.440504e-001
      outer loop
         vertex 2.821067e+001 5.438626e-001 4.270821e+000
         vertex 2.807967e+001 3.656112e-001 4.148528e+000
         vertex 2.825492e+001 4.076846e-001 4.148528e+000
      endloop
   endfacet
   facet normal 2.231754e-001 -5.873012e-001 7.779911e-001
      outer loop
         vertex 2.821067e+001 5.438626e-001 4.270821e+000
         vertex 2.825492e+001 4.076846e-001 4.148528e+000
         vertex 2.835642e+001 6.042328e-001 4.270821e+000
      endloop
   endfacet
   facet normal 2.698708e-001 -6.111946e-001 7.440504e-001
      outer loop
         vertex 2.835642e+001 6.042328e-001 4.270821e+000
         vertex 2.825492e+001 4.076846e-001 4.148528e+000
         vertex 2.842142e+001 4.766527e-001 4.148528e+000
      endloop
   endfacet
   facet normal 3.123019e-001 -5.451582e-001 7.779911e-001
      outer loop
         vertex 2.835642e+001 6.042328e-001 4.270821e+000
         vertex 2.842142e+001 4.766527e-001 4.148528e+000
         vertex 2.849092e+001 6.866604e-001 4.270821e+000
      endloop
   endfacet
   facet normal 3.621601e-001 -5.614526e-001 7.440504e-001
      outer loop
         vertex 2.849092e+001 6.866604e-001 4.270821e+000
         vertex 2.842142e+001 4.766527e-001 4.148528e+000
         vertex 2.857509e+001 5.708206e-001 4.148528e+000
      endloop
   endfacet
   facet normal 3.937385e-001 -4.895916e-001 7.779911e-001
      outer loop
         vertex 2.849092e+001 6.866604e-001 4.270821e+000
         vertex 2.857509e+001 5.708206e-001 4.148528e+000
         vertex 2.861089e+001 7.891152e-001 4.270821e+000
      endloop
   endfacet
   facet normal 4.455318e-001 -4.978859e-001 7.440504e-001
      outer loop
         vertex 2.861089e+001 7.891152e-001 4.270821e+000
         vertex 2.857509e+001 5.708206e-001 4.148528e+000
         vertex 2.871213e+001 6.878674e-001 4.148528e+000
      endloop
   endfacet
   facet normal 4.654799e-001 -4.219697e-001 7.779911e-001
      outer loop
         vertex 2.861089e+001 7.891152e-001 4.270821e+000
         vertex 2.871213e+001 6.878674e-001 4.148528e+000
         vertex 2.871334e+001 9.090733e-001 4.270821e+000
      endloop
   endfacet
   facet normal 5.179331e-001 -4.220595e-001 7.440504e-001
      outer loop
         vertex 2.871334e+001 9.090733e-001 4.270821e+000
         vertex 2.871213e+001 6.878674e-001 4.148528e+000
         vertex 2.882918e+001 8.249115e-001 4.148528e+000
      endloop
   endfacet
   facet normal 5.257596e-001 -3.439574e-001 7.779911e-001
      outer loop
         vertex 2.871334e+001 9.090733e-001 4.270821e+000
         vertex 2.882918e+001 8.249115e-001 4.148528e+000
         vertex 2.879577e+001 1.043584e+000 4.270821e+000
      endloop
   endfacet
   facet normal 5.775811e-001 -3.358407e-001 7.440504e-001
      outer loop
         vertex 2.879577e+001 1.043584e+000 4.270821e+000
         vertex 2.882918e+001 8.249115e-001 4.148528e+000
         vertex 2.892335e+001 9.785779e-001 4.148528e+000
      endloop
   endfacet
   facet normal 5.730935e-001 -2.574758e-001 7.779911e-001
      outer loop
         vertex 2.879577e+001 1.043584e+000 4.270821e+000
         vertex 2.892335e+001 9.785779e-001 4.148528e+000
         vertex 2.885614e+001 1.189331e+000 4.270821e+000
      endloop
   endfacet
   facet normal 6.230072e-001 -2.413523e-001 7.440504e-001
      outer loop
         vertex 2.885614e+001 1.189331e+000 4.270821e+000
         vertex 2.892335e+001 9.785779e-001 4.148528e+000
         vertex 2.899231e+001 1.145085e+000 4.148528e+000
      endloop
   endfacet
   facet normal 6.063159e-001 -1.646543e-001 7.779911e-001
      outer loop
         vertex 2.885614e+001 1.189331e+000 4.270821e+000
         vertex 2.899231e+001 1.145085e+000 4.148528e+000
         vertex 2.889296e+001 1.342729e+000 4.270821e+000
      endloop
   endfacet
   facet normal 6.530929e-001 -1.409211e-001 7.440504e-001
      outer loop
         vertex 2.889296e+001 1.342729e+000 4.270821e+000
         vertex 2.899231e+001 1.145085e+000 4.148528e+000
         vertex 2.903439e+001 1.320330e+000 4.148528e+000
      endloop
   endfacet
   facet normal 6.426321e-001 -6.773903e-002 7.631745e-001
      outer loop
         vertex 2.889296e+001 1.342729e+000 4.270821e+000
         vertex 2.903439e+001 1.320330e+000 4.148528e+000
         vertex 2.896897e+001 1.499999e+000 4.216475e+000
      endloop
   endfacet
   facet normal 6.842323e-001 -3.695156e-002 7.283273e-001
      outer loop
         vertex 2.896897e+001 1.499999e+000 4.216475e+000
         vertex 2.903439e+001 1.320330e+000 4.148528e+000
         vertex 2.904853e+001 1.499999e+000 4.148528e+000
      endloop
   endfacet
   facet normal 3.695599e-002 -7.255061e-001 6.872228e-001
      outer loop
         vertex 2.790000e+001 3.514718e-001 4.148528e+000
         vertex 2.790000e+001 2.835244e-001 4.068973e+000
         vertex 2.807967e+001 3.656112e-001 4.148528e+000
      endloop
   endfacet
   facet normal 7.934818e-002 -7.572758e-001 6.482571e-001
      outer loop
         vertex 2.807967e+001 3.656112e-001 4.148528e+000
         vertex 2.790000e+001 2.835244e-001 4.068973e+000
         vertex 2.809880e+001 2.448242e-001 4.005342e+000
      endloop
   endfacet
   facet normal 1.525364e-001 -7.263778e-001 6.701552e-001
      outer loop
         vertex 2.807967e+001 3.656112e-001 4.148528e+000
         vertex 2.809880e+001 2.448242e-001 4.005342e+000
         vertex 2.825492e+001 4.076846e-001 4.148528e+000
      endloop
   endfacet
   facet normal 1.992367e-001 -7.503111e-001 6.303475e-001
      outer loop
         vertex 2.825492e+001 4.076846e-001 4.148528e+000
         vertex 2.809880e+001 2.448242e-001 4.005342e+000
         vertex 2.829270e+001 2.913773e-001 4.005342e+000
      endloop
   endfacet
   facet normal 2.642889e-001 -6.935729e-001 6.701552e-001
      outer loop
         vertex 2.825492e+001 4.076846e-001 4.148528e+000
         vertex 2.829270e+001 2.913773e-001 4.005342e+000
         vertex 2.842142e+001 4.766527e-001 4.148528e+000
      endloop
   endfacet
   facet normal 3.141583e-001 -7.099060e-001 6.303475e-001
      outer loop
         vertex 2.842142e+001 4.766527e-001 4.148528e+000
         vertex 2.829270e+001 2.913773e-001 4.005342e+000
         vertex 2.847694e+001 3.676899e-001 4.005342e+000
      endloop
   endfacet
   facet normal 3.695338e-001 -6.436900e-001 6.701552e-001
      outer loop
         vertex 2.842142e+001 4.766527e-001 4.148528e+000
         vertex 2.847694e+001 3.676899e-001 4.005342e+000
         vertex 2.857509e+001 5.708206e-001 4.148528e+000
      endloop
   endfacet
   facet normal 4.213443e-001 -6.520207e-001 6.303475e-001
      outer loop
         vertex 2.857509e+001 5.708206e-001 4.148528e+000
         vertex 2.847694e+001 3.676899e-001 4.005342e+000
         vertex 2.864697e+001 4.718844e-001 4.005342e+000
      endloop
   endfacet
   facet normal 4.656795e-001 -5.779573e-001 6.701552e-001
      outer loop
         vertex 2.857509e+001 5.708206e-001 4.148528e+000
         vertex 2.864697e+001 4.718844e-001 4.005342e+000
         vertex 2.871213e+001 6.878674e-001 4.148528e+000
      endloop
   endfacet
   facet normal 5.181553e-001 -5.780805e-001 6.303475e-001
      outer loop
         vertex 2.871213e+001 6.878674e-001 4.148528e+000
         vertex 2.864697e+001 4.718844e-001 4.005342e+000
         vertex 2.879861e+001 6.013941e-001 4.005342e+000
      endloop
   endfacet
   facet normal 5.503587e-001 -4.979933e-001 6.701552e-001
      outer loop
         vertex 2.871213e+001 6.878674e-001 4.148528e+000
         vertex 2.879861e+001 6.013941e-001 4.005342e+000
         vertex 2.882918e+001 8.249115e-001 4.148528e+000
      endloop
   endfacet
   facet normal 6.022077e-001 -4.899060e-001 6.303475e-001
      outer loop
         vertex 2.882918e+001 8.249115e-001 4.148528e+000
         vertex 2.879861e+001 6.013941e-001 4.005342e+000
         vertex 2.892812e+001 7.530302e-001 4.005342e+000
      endloop
   endfacet
   facet normal 6.214861e-001 -4.057671e-001 6.701552e-001
      outer loop
         vertex 2.882918e+001 8.249115e-001 4.148528e+000
         vertex 2.892812e+001 7.530302e-001 4.005342e+000
         vertex 2.892335e+001 9.785779e-001 4.148528e+000
      endloop
   endfacet
   facet normal 6.714317e-001 -3.896684e-001 6.303475e-001
      outer loop
         vertex 2.892335e+001 9.785779e-001 4.148528e+000
         vertex 2.892812e+001 7.530302e-001 4.005342e+000
         vertex 2.903231e+001 9.230580e-001 4.005342e+000
      endloop
   endfacet
   facet normal 6.773106e-001 -3.035496e-001 6.701552e-001
      outer loop
         vertex 2.892335e+001 9.785779e-001 4.148528e+000
         vertex 2.903231e+001 9.230580e-001 4.005342e+000
         vertex 2.899231e+001 1.145085e+000 4.148528e+000
      endloop
   endfacet
   facet normal 7.241228e-001 -2.798359e-001 6.303475e-001
      outer loop
         vertex 2.899231e+001 1.145085e+000 4.148528e+000
         vertex 2.903231e+001 9.230580e-001 4.005342e+000
         vertex 2.910862e+001 1.107294e+000 4.005342e+000
      endloop
   endfacet
   facet normal 7.164574e-001 -1.938577e-001 6.701552e-001
      outer loop
         vertex 2.899231e+001 1.145085e+000 4.148528e+000
         vertex 2.910862e+001 1.107294e+000 4.005342e+000
         vertex 2.903439e+001 1.320330e+000 4.148528e+000
      endloop
   endfacet
   facet normal 7.589837e-001 -1.631129e-001 6.303475e-001
      outer loop
         vertex 2.903439e+001 1.320330e+000 4.148528e+000
         vertex 2.910862e+001 1.107294e+000 4.005342e+000
         vertex 2.915517e+001 1.301199e+000 4.005342e+000
      endloop
   endfacet
   facet normal 7.572758e-001 -7.934818e-002 6.482571e-001
      outer loop
         vertex 2.903439e+001 1.320330e+000 4.148528e+000
         vertex 2.915517e+001 1.301199e+000 4.005342e+000
         vertex 2.911647e+001 1.499999e+000 4.068973e+000
      endloop
   endfacet
   facet normal 7.931922e-001 -4.228273e-002 6.075017e-001
      outer loop
         vertex 2.911647e+001 1.499999e+000 4.068973e+000
         vertex 2.915517e+001 1.301199e+000 4.005342e+000
         vertex 2.917082e+001 1.499999e+000 4.005342e+000
      endloop
   endfacet
   facet normal 4.231628e-002 -8.272576e-001 5.602269e-001
      outer loop
         vertex 2.790000e+001 2.291780e-001 4.005342e+000
         vertex 2.790000e+001 1.635719e-001 3.898282e+000
         vertex 2.809880e+001 2.448242e-001 4.005342e+000
      endloop
   endfacet
   facet normal 8.901703e-002 -8.519222e-001 5.160472e-001
      outer loop
         vertex 2.809880e+001 2.448242e-001 4.005342e+000
         vertex 2.790000e+001 1.635719e-001 3.898282e+000
         vertex 2.811419e+001 1.476482e-001 3.844789e+000
      endloop
   endfacet
   facet normal 1.727804e-001 -8.199663e-001 5.457126e-001
      outer loop
         vertex 2.809880e+001 2.448242e-001 4.005342e+000
         vertex 2.811419e+001 1.476482e-001 3.844789e+000
         vertex 2.829270e+001 2.913773e-001 4.005342e+000
      endloop
   endfacet
   facet normal 2.226465e-001 -8.363158e-001 5.010034e-001
      outer loop
         vertex 2.829270e+001 2.913773e-001 4.005342e+000
         vertex 2.811419e+001 1.476482e-001 3.844789e+000
         vertex 2.832311e+001 1.978055e-001 3.844789e+000
      endloop
   endfacet
   facet normal 2.989242e-001 -7.828424e-001 5.457125e-001
      outer loop
         vertex 2.829270e+001 2.913773e-001 4.005342e+000
         vertex 2.832311e+001 1.978055e-001 3.844789e+000
         vertex 2.847694e+001 3.676899e-001 4.005342e+000
      endloop
   endfacet
   facet normal 3.507340e-001 -7.911898e-001 5.010034e-001
      outer loop
         vertex 2.847694e+001 3.676899e-001 4.005342e+000
         vertex 2.832311e+001 1.978055e-001 3.844789e+000
         vertex 2.852161e+001 2.800263e-001 3.844789e+000
      endloop
   endfacet
   facet normal 4.177074e-001 -7.264422e-001 5.457126e-001
      outer loop
         vertex 2.847694e+001 3.676899e-001 4.005342e+000
         vertex 2.852161e+001 2.800263e-001 3.844789e+000
         vertex 2.864697e+001 4.718844e-001 4.005342e+000
      endloop
   endfacet
   facet normal 4.701852e-001 -7.265820e-001 5.010034e-001
      outer loop
         vertex 2.864697e+001 4.718844e-001 4.005342e+000
         vertex 2.852161e+001 2.800263e-001 3.844789e+000
         vertex 2.870480e+001 3.922861e-001 3.844789e+000
      endloop
   endfacet
   facet normal 5.262054e-001 -6.521547e-001 5.457126e-001
      outer loop
         vertex 2.864697e+001 4.718844e-001 4.005342e+000
         vertex 2.870480e+001 3.922861e-001 3.844789e+000
         vertex 2.879861e+001 6.013941e-001 4.005342e+000
      endloop
   endfacet
   facet normal 5.780589e-001 -6.440835e-001 5.010034e-001
      outer loop
         vertex 2.879861e+001 6.013941e-001 4.005342e+000
         vertex 2.870480e+001 3.922861e-001 3.844789e+000
         vertex 2.886818e+001 5.318224e-001 3.844789e+000
      endloop
   endfacet
   facet normal 6.217464e-001 -5.618089e-001 5.457126e-001
      outer loop
         vertex 2.879861e+001 6.013941e-001 4.005342e+000
         vertex 2.886818e+001 5.318224e-001 3.844789e+000
         vertex 2.892812e+001 7.530302e-001 4.005342e+000
      endloop
   endfacet
   facet normal 6.716989e-001 -5.457253e-001 5.010034e-001
      outer loop
         vertex 2.892812e+001 7.530302e-001 4.005342e+000
         vertex 2.886818e+001 5.318224e-001 3.844789e+000
         vertex 2.900771e+001 6.951988e-001 3.844789e+000
      endloop
   endfacet
   facet normal 7.019779e-001 -4.576295e-001 5.457126e-001
      outer loop
         vertex 2.892812e+001 7.530302e-001 4.005342e+000
         vertex 2.900771e+001 6.951988e-001 3.844789e+000
         vertex 2.903231e+001 9.230580e-001 4.005342e+000
      endloop
   endfacet
   facet normal 7.487994e-001 -4.339298e-001 5.010034e-001
      outer loop
         vertex 2.903231e+001 9.230580e-001 4.005342e+000
         vertex 2.900771e+001 6.951988e-001 3.844789e+000
         vertex 2.911997e+001 8.783918e-001 3.844789e+000
      endloop
   endfacet
   facet normal 7.649244e-001 -3.421818e-001 5.457125e-001
      outer loop
         vertex 2.903231e+001 9.230580e-001 4.005342e+000
         vertex 2.911997e+001 8.783918e-001 3.844789e+000
         vertex 2.910862e+001 1.107294e+000 4.005342e+000
      endloop
   endfacet
   facet normal 8.074620e-001 -3.114493e-001 5.010034e-001
      outer loop
         vertex 2.910862e+001 1.107294e+000 4.005342e+000
         vertex 2.911997e+001 8.783918e-001 3.844789e+000
         vertex 2.920219e+001 1.076890e+000 3.844789e+000
      endloop
   endfacet
   facet normal 8.090360e-001 -2.183084e-001 5.457126e-001
      outer loop
         vertex 2.910862e+001 1.107294e+000 4.005342e+000
         vertex 2.920219e+001 1.076890e+000 3.844789e+000
         vertex 2.915517e+001 1.301199e+000 4.005342e+000
      endloop
   endfacet
   facet normal 8.462422e-001 -1.812999e-001 5.010034e-001
      outer loop
         vertex 2.915517e+001 1.301199e+000 4.005342e+000
         vertex 2.920219e+001 1.076890e+000 3.844789e+000
         vertex 2.925235e+001 1.285808e+000 3.844789e+000
      endloop
   endfacet
   facet normal 8.519222e-001 -8.901703e-002 5.160472e-001
      outer loop
         vertex 2.915517e+001 1.301199e+000 4.005342e+000
         vertex 2.925235e+001 1.285808e+000 3.844789e+000
         vertex 2.923643e+001 1.499999e+000 3.898282e+000
      endloop
   endfacet
   facet normal 8.811924e-001 -4.657541e-002 4.704581e-001
      outer loop
         vertex 2.923643e+001 1.499999e+000 3.898282e+000
         vertex 2.925235e+001 1.285808e+000 3.844789e+000
         vertex 2.926921e+001 1.499999e+000 3.844789e+000
      endloop
   endfacet
   facet normal 4.664319e-002 -9.071251e-001 4.182682e-001
      outer loop
         vertex 2.790000e+001 1.307912e-001 3.844789e+000
         vertex 2.790000e+001 7.473119e-002 3.709446e+000
         vertex 2.811419e+001 1.476482e-001 3.844789e+000
      endloop
   endfacet
   facet normal 9.650216e-002 -9.239935e-001 3.700316e-001
      outer loop
         vertex 2.811419e+001 1.476482e-001 3.844789e+000
         vertex 2.790000e+001 7.473119e-002 3.709446e+000
         vertex 2.812547e+001 7.647648e-002 3.670820e+000
      endloop
   endfacet
   facet normal 1.887754e-001 -8.933885e-001 4.077019e-001
      outer loop
         vertex 2.811419e+001 1.476482e-001 3.844789e+000
         vertex 2.812547e+001 7.647648e-002 3.670820e+000
         vertex 2.832311e+001 1.978055e-001 3.844789e+000
      endloop
   endfacet
   facet normal 2.405735e-001 -9.017245e-001 3.591898e-001
      outer loop
         vertex 2.832311e+001 1.978055e-001 3.844789e+000
         vertex 2.812547e+001 7.647648e-002 3.670820e+000
         vertex 2.834538e+001 1.292713e-001 3.670820e+000
      endloop
   endfacet
   facet normal 3.262080e-001 -8.528584e-001 4.077019e-001
      outer loop
         vertex 2.832311e+001 1.978055e-001 3.844789e+000
         vertex 2.834538e+001 1.292713e-001 3.670820e+000
         vertex 2.852161e+001 2.800263e-001 3.844789e+000
      endloop
   endfacet
   facet normal 3.786724e-001 -8.529888e-001 3.591898e-001
      outer loop
         vertex 2.852161e+001 2.800263e-001 3.844789e+000
         vertex 2.834538e+001 1.292713e-001 3.670820e+000
         vertex 2.855432e+001 2.158210e-001 3.670820e+000
      endloop
   endfacet
   facet normal 4.556083e-001 -7.913281e-001 4.077019e-001
      outer loop
         vertex 2.852161e+001 2.800263e-001 3.844789e+000
         vertex 2.855432e+001 2.158210e-001 3.670820e+000
         vertex 2.870480e+001 3.922861e-001 3.844789e+000
      endloop
   endfacet
   facet normal 5.074472e-001 -7.832497e-001 3.591898e-001
      outer loop
         vertex 2.870480e+001 3.922861e-001 3.844789e+000
         vertex 2.855432e+001 2.158210e-001 3.670820e+000
         vertex 2.874716e+001 3.339890e-001 3.670820e+000
      endloop
   endfacet
   facet normal 5.737901e-001 -7.103127e-001 4.077019e-001
      outer loop
         vertex 2.870480e+001 3.922861e-001 3.844789e+000
         vertex 2.874716e+001 3.339890e-001 3.670820e+000
         vertex 2.886818e+001 5.318224e-001 3.844789e+000
      endloop
   endfacet
   facet normal 6.237269e-001 -6.942243e-001 3.591898e-001
      outer loop
         vertex 2.886818e+001 5.318224e-001 3.844789e+000
         vertex 2.874716e+001 3.339890e-001 3.670820e+000
         vertex 2.891913e+001 4.808698e-001 3.670820e+000
      endloop
   endfacet
   facet normal 6.778431e-001 -6.118070e-001 4.077019e-001
      outer loop
         vertex 2.886818e+001 5.318224e-001 3.844789e+000
         vertex 2.891913e+001 4.808698e-001 3.670820e+000
         vertex 2.900771e+001 6.951988e-001 3.844789e+000
      endloop
   endfacet
   facet normal 7.246484e-001 -5.881048e-001 3.591898e-001
      outer loop
         vertex 2.900771e+001 6.951988e-001 3.844789e+000
         vertex 2.891913e+001 4.808698e-001 3.670820e+000
         vertex 2.906601e+001 6.528441e-001 3.670820e+000
      endloop
   endfacet
   facet normal 7.652054e-001 -4.982367e-001 4.077019e-001
      outer loop
         vertex 2.900771e+001 6.951988e-001 3.844789e+000
         vertex 2.906601e+001 6.528441e-001 3.670820e+000
         vertex 2.911997e+001 8.783918e-001 3.844789e+000
      endloop
   endfacet
   facet normal 8.077267e-001 -4.675044e-001 3.591898e-001
      outer loop
         vertex 2.911997e+001 8.783918e-001 3.844789e+000
         vertex 2.906601e+001 6.528441e-001 3.670820e+000
         vertex 2.918418e+001 8.456782e-001 3.670820e+000
      endloop
   endfacet
   facet normal 8.337259e-001 -3.723980e-001 4.077019e-001
      outer loop
         vertex 2.911997e+001 8.783918e-001 3.844789e+000
         vertex 2.918418e+001 8.456782e-001 3.670820e+000
         vertex 2.920219e+001 1.076890e+000 3.844789e+000
      endloop
   endfacet
   facet normal 8.709160e-001 -3.353923e-001 3.591898e-001
      outer loop
         vertex 2.920219e+001 1.076890e+000 3.844789e+000
         vertex 2.918418e+001 8.456782e-001 3.670820e+000
         vertex 2.927073e+001 1.054622e+000 3.670820e+000
      endloop
   endfacet
   facet normal 8.817172e-001 -2.373897e-001 4.077019e-001
      outer loop
         vertex 2.920219e+001 1.076890e+000 3.844789e+000
         vertex 2.927073e+001 1.054622e+000 3.670820e+000
         vertex 2.925235e+001 1.285808e+000 3.844789e+000
      endloop
   endfacet
   facet normal 9.126605e-001 -1.950218e-001 3.591898e-001
      outer loop
         vertex 2.925235e+001 1.285808e+000 3.844789e+000
         vertex 2.927073e+001 1.054622e+000 3.670820e+000
         vertex 2.932352e+001 1.274535e+000 3.670820e+000
      endloop
   endfacet
   facet normal 9.239935e-001 -9.650217e-002 3.700317e-001
      outer loop
         vertex 2.925235e+001 1.285808e+000 3.844789e+000
         vertex 2.932352e+001 1.274535e+000 3.670820e+000
         vertex 2.932527e+001 1.499999e+000 3.709446e+000
      endloop
   endfacet
   facet normal 9.458334e-001 -4.972185e-002 3.208224e-001
      outer loop
         vertex 2.932527e+001 1.499999e+000 3.709446e+000
         vertex 2.932352e+001 1.274535e+000 3.670820e+000
         vertex 2.934127e+001 1.499999e+000 3.670820e+000
      endloop
   endfacet
   facet normal 4.982659e-002 -9.629287e-001 2.651142e-001
      outer loop
         vertex 2.790000e+001 5.873106e-002 3.670820e+000
         vertex 2.790000e+001 1.965091e-002 3.508037e+000
         vertex 2.812547e+001 7.647648e-002 3.670820e+000
      endloop
   endfacet
   facet normal 1.016129e-001 -9.715124e-001 2.140990e-001
      outer loop
         vertex 2.812547e+001 7.647648e-002 3.670820e+000
         vertex 2.790000e+001 1.965091e-002 3.508037e+000
         vertex 2.813234e+001 3.305823e-002 3.487721e+000
      endloop
   endfacet
   facet normal 2.001148e-001 -9.447757e-001 2.595244e-001
      outer loop
         vertex 2.812547e+001 7.647648e-002 3.670820e+000
         vertex 2.813234e+001 3.305823e-002 3.487721e+000
         vertex 2.834538e+001 1.292713e-001 3.670820e+000
      endloop
   endfacet
   facet normal 2.525607e-001 -9.448684e-001 2.084145e-001
      outer loop
         vertex 2.834538e+001 1.292713e-001 3.670820e+000
         vertex 2.813234e+001 3.305823e-002 3.487721e+000
         vertex 2.835896e+001 8.746609e-002 3.487721e+000
      endloop
   endfacet
   facet normal 3.454465e-001 -9.018391e-001 2.595244e-001
      outer loop
         vertex 2.834538e+001 1.292713e-001 3.670820e+000
         vertex 2.835896e+001 8.746609e-002 3.487721e+000
         vertex 2.855432e+001 2.158210e-001 3.670820e+000
      endloop
   endfacet
   facet normal 3.972613e-001 -8.937264e-001 2.084145e-001
      outer loop
         vertex 2.855432e+001 2.158210e-001 3.670820e+000
         vertex 2.835896e+001 8.746609e-002 3.487721e+000
         vertex 2.857428e+001 1.766533e-001 3.487721e+000
      endloop
   endfacet
   facet normal 4.822722e-001 -8.366963e-001 2.595244e-001
      outer loop
         vertex 2.855432e+001 2.158210e-001 3.670820e+000
         vertex 2.857428e+001 1.766533e-001 3.487721e+000
         vertex 2.874716e+001 3.339890e-001 3.670820e+000
      endloop
   endfacet
   facet normal 5.321800e-001 -8.205778e-001 2.084145e-001
      outer loop
         vertex 2.874716e+001 3.339890e-001 3.670820e+000
         vertex 2.857428e+001 1.766533e-001 3.487721e+000
         vertex 2.877299e+001 2.984256e-001 3.487721e+000
      endloop
   endfacet
   facet normal 6.072227e-001 -7.509512e-001 2.595244e-001
      outer loop
         vertex 2.874716e+001 3.339890e-001 3.670820e+000
         vertex 2.877299e+001 2.984256e-001 3.487721e+000
         vertex 2.891913e+001 4.808698e-001 3.670820e+000
      endloop
   endfacet
   facet normal 6.539946e-001 -7.272238e-001 2.084144e-001
      outer loop
         vertex 2.891913e+001 4.808698e-001 3.670820e+000
         vertex 2.877299e+001 2.984256e-001 3.487721e+000
         vertex 2.895021e+001 4.497859e-001 3.487721e+000
      endloop
   endfacet
   facet normal 7.172215e-001 -6.467151e-001 2.595244e-001
      outer loop
         vertex 2.891913e+001 4.808698e-001 3.670820e+000
         vertex 2.895021e+001 4.497859e-001 3.487721e+000
         vertex 2.906601e+001 6.528441e-001 3.670820e+000
      endloop
   endfacet
   facet normal 7.597057e-001 -6.159632e-001 2.084145e-001
      outer loop
         vertex 2.906601e+001 6.528441e-001 3.670820e+000
         vertex 2.895021e+001 4.497859e-001 3.487721e+000
         vertex 2.910157e+001 6.270055e-001 3.487721e+000
      endloop
   endfacet
   facet normal 8.095598e-001 -5.265548e-001 2.595244e-001
      outer loop
         vertex 2.906601e+001 6.528441e-001 3.670820e+000
         vertex 2.910157e+001 6.270055e-001 3.487721e+000
         vertex 2.918418e+001 8.456782e-001 3.670820e+000
      endloop
   endfacet
   facet normal 8.467103e-001 -4.895355e-001 2.084145e-001
      outer loop
         vertex 2.918418e+001 8.456782e-001 3.670820e+000
         vertex 2.910157e+001 6.270055e-001 3.487721e+000
         vertex 2.922334e+001 8.257199e-001 3.487721e+000
      endloop
   endfacet
   facet normal 8.819641e-001 -3.934290e-001 2.595244e-001
      outer loop
         vertex 2.918418e+001 8.456782e-001 3.670820e+000
         vertex 2.922334e+001 8.257199e-001 3.487721e+000
         vertex 2.927073e+001 1.054622e+000 3.670820e+000
      endloop
   endfacet
   facet normal 9.128661e-001 -3.510538e-001 2.084145e-001
      outer loop
         vertex 2.927073e+001 1.054622e+000 3.670820e+000
         vertex 2.922334e+001 8.257199e-001 3.487721e+000
         vertex 2.931253e+001 1.041040e+000 3.487721e+000
      endloop
   endfacet
   facet normal 9.326515e-001 -2.506157e-001 2.595244e-001
      outer loop
         vertex 2.927073e+001 1.054622e+000 3.670820e+000
         vertex 2.931253e+001 1.041040e+000 3.487721e+000
         vertex 2.932352e+001 1.274535e+000 3.670820e+000
      endloop
   endfacet
   facet normal 9.565442e-001 -2.039281e-001 2.084145e-001
      outer loop
         vertex 2.932352e+001 1.274535e+000 3.670820e+000
         vertex 2.931253e+001 1.041040e+000 3.487721e+000
         vertex 2.936694e+001 1.267659e+000 3.487721e+000
      endloop
   endfacet
   facet normal 9.715124e-001 -1.016129e-001 2.140990e-001
      outer loop
         vertex 2.932352e+001 1.274535e+000 3.670820e+000
         vertex 2.936694e+001 1.267659e+000 3.487721e+000
         vertex 2.938035e+001 1.499999e+000 3.508037e+000
      endloop
   endfacet
   facet normal 9.853418e-001 -5.164239e-002 1.625873e-001
      outer loop
         vertex 2.938035e+001 1.499999e+000 3.508037e+000
         vertex 2.936694e+001 1.267659e+000 3.487721e+000
         vertex 2.938523e+001 1.499999e+000 3.487721e+000
      endloop
   endfacet
   facet normal 5.178435e-002 -9.931378e-001 1.048597e-001
      outer loop
         vertex 2.790000e+001 1.477264e-002 3.487721e+000
         vertex 2.790000e+001 0.000000e+000 3.300000e+000
         vertex 2.813234e+001 3.305823e-002 3.487721e+000
      endloop
   endfacet
   facet normal 1.042177e-001 -9.931715e-001 5.243162e-002
      outer loop
         vertex 2.813234e+001 3.305823e-002 3.487721e+000
         vertex 2.790000e+001 0.000000e+000 3.300000e+000
         vertex 2.813465e+001 1.846626e-002 3.300000e+000
      endloop
   endfacet
   facet normal 2.065078e-001 -9.728098e-001 1.048597e-001
      outer loop
         vertex 2.813234e+001 3.305823e-002 3.487721e+000
         vertex 2.813465e+001 1.846626e-002 3.300000e+000
         vertex 2.835896e+001 8.746609e-002 3.487721e+000
      endloop
   endfacet
   facet normal 2.583009e-001 -9.646406e-001 5.243162e-002
      outer loop
         vertex 2.835896e+001 8.746609e-002 3.487721e+000
         vertex 2.813465e+001 1.846626e-002 3.300000e+000
         vertex 2.836353e+001 7.341430e-002 3.300000e+000
      endloop
   endfacet
   facet normal 3.561463e-001 -9.285280e-001 1.048597e-001
      outer loop
         vertex 2.835896e+001 8.746609e-002 3.487721e+000
         vertex 2.836353e+001 7.341430e-002 3.300000e+000
         vertex 2.857428e+001 1.766533e-001 3.487721e+000
      endloop
   endfacet
   facet normal 4.060238e-001 -9.123572e-001 5.243162e-002
      outer loop
         vertex 2.857428e+001 1.766533e-001 3.487721e+000
         vertex 2.836353e+001 7.341430e-002 3.300000e+000
         vertex 2.858099e+001 1.634900e-001 3.300000e+000
      endloop
   endfacet
   facet normal 4.970153e-001 -8.613827e-001 1.048597e-001
      outer loop
         vertex 2.857428e+001 1.766533e-001 3.487721e+000
         vertex 2.858099e+001 1.634900e-001 3.300000e+000
         vertex 2.877299e+001 2.984256e-001 3.487721e+000
      endloop
   endfacet
   facet normal 5.437490e-001 -8.376084e-001 5.243162e-002
      outer loop
         vertex 2.877299e+001 2.984256e-001 3.487721e+000
         vertex 2.858099e+001 1.634900e-001 3.300000e+000
         vertex 2.878168e+001 2.864730e-001 3.300000e+000
      endloop
   endfacet
   facet normal 6.256462e-001 -7.730274e-001 1.048597e-001
      outer loop
         vertex 2.877299e+001 2.984256e-001 3.487721e+000
         vertex 2.878168e+001 2.864730e-001 3.300000e+000
         vertex 2.895021e+001 4.497859e-001 3.487721e+000
      endloop
   endfacet
   facet normal 6.680855e-001 -7.422349e-001 5.243162e-002
      outer loop
         vertex 2.895021e+001 4.497859e-001 3.487721e+000
         vertex 2.878168e+001 2.864730e-001 3.300000e+000
         vertex 2.896066e+001 4.393384e-001 3.300000e+000
      endloop
   endfacet
   facet normal 7.388716e-001 -6.656374e-001 1.048597e-001
      outer loop
         vertex 2.895021e+001 4.497859e-001 3.487721e+000
         vertex 2.896066e+001 4.393384e-001 3.300000e+000
         vertex 2.910157e+001 6.270055e-001 3.487721e+000
      endloop
   endfacet
   facet normal 7.759714e-001 -6.285852e-001 5.243162e-002
      outer loop
         vertex 2.910157e+001 6.270055e-001 3.487721e+000
         vertex 2.896066e+001 4.393384e-001 3.300000e+000
         vertex 2.911353e+001 6.183218e-001 3.300000e+000
      endloop
   endfacet
   facet normal 8.339035e-001 -5.418573e-001 1.048597e-001
      outer loop
         vertex 2.910157e+001 6.270055e-001 3.487721e+000
         vertex 2.911353e+001 6.183218e-001 3.300000e+000
         vertex 2.922334e+001 8.257199e-001 3.487721e+000
      endloop
   endfacet
   facet normal 8.647502e-001 -4.994576e-001 5.243162e-002
      outer loop
         vertex 2.922334e+001 8.257199e-001 3.487721e+000
         vertex 2.911353e+001 6.183218e-001 3.300000e+000
         vertex 2.923651e+001 8.190144e-001 3.300000e+000
      endloop
   endfacet
   facet normal 9.084019e-001 -4.047349e-001 1.048597e-001
      outer loop
         vertex 2.922334e+001 8.257199e-001 3.487721e+000
         vertex 2.923651e+001 8.190144e-001 3.300000e+000
         vertex 2.931253e+001 1.041040e+000 3.487721e+000
      endloop
   endfacet
   facet normal 9.322361e-001 -3.580317e-001 5.243162e-002
      outer loop
         vertex 2.931253e+001 1.041040e+000 3.487721e+000
         vertex 2.923651e+001 8.190144e-001 3.300000e+000
         vertex 2.932658e+001 1.036474e+000 3.300000e+000
      endloop
   endfacet
   facet normal 9.605324e-001 -2.576466e-001 1.048597e-001
      outer loop
         vertex 2.931253e+001 1.041040e+000 3.487721e+000
         vertex 2.932658e+001 1.036474e+000 3.300000e+000
         vertex 2.936694e+001 1.267659e+000 3.487721e+000
      endloop
   endfacet
   facet normal 9.767672e-001 -2.077899e-001 5.243162e-002
      outer loop
         vertex 2.936694e+001 1.267659e+000 3.487721e+000
         vertex 2.932658e+001 1.036474e+000 3.300000e+000
         vertex 2.938153e+001 1.265347e+000 3.300000e+000
      endloop
   endfacet
   facet normal 9.890115e-001 -1.042142e-001 1.048597e-001
      outer loop
         vertex 2.936694e+001 1.267659e+000 3.487721e+000
         vertex 2.938153e+001 1.265347e+000 3.300000e+000
         vertex 2.938523e+001 1.499999e+000 3.487721e+000
      endloop
   endfacet
   facet normal 9.972471e-001 -5.243162e-002 5.243162e-002
      outer loop
         vertex 2.938523e+001 1.499999e+000 3.487721e+000
         vertex 2.938153e+001 1.265347e+000 3.300000e+000
         vertex 2.940000e+001 1.499999e+000 3.300000e+000
      endloop
   endfacet
   facet normal -1.000000e+000 0.000000e+000 0.000000e+000
      outer loop
         vertex 2.690000e+001 1.300000e+000 3.000000e+000
         vertex 2.690000e+001 3.540000e+001 3.000000e+000
         vertex 2.690000e+001 1.300000e+000 0.000000e+000
      endloop
   endfacet
   facet normal -1.000000e+000 0.000000e+000 0.000000e+000
      outer loop
         vertex 2.690000e+001 1.300000e+000 0.000000e+000
         vertex 2.690000e+001 3.540000e+001 3.000000e+000
         vertex 2.690000e+001 3.540000e+001 0.000000e+000
      endloop
   endfacet
   facet normal 0.000000e+000 -1.000000e+000 0.000000e+000
      outer loop
         vertex 2.690000e+001 3.540000e+001 3.000000e+000
         vertex 2.500000e+000 3.540000e+001 3.000000e+000
         vertex 2.690000e+001 3.540000e+001 0.000000e+000
      endloop
   endfacet
   facet normal 0.000000e+000 -1.000000e+000 0.000000e+000
      outer loop
         vertex 2.690000e+001 3.540000e+001 0.000000e+000
         vertex 2.500000e+000 3.540000e+001 3.000000e+000
         vertex 2.500000e+000 3.540000e+001 0.000000e+000
      endloop
   endfacet
   facet normal 1.000000e+000 -1.017433e-016 0.000000e+000
      outer loop
         vertex 2.500000e+000 3.540000e+001 3.000000e+000
         vertex 2.500000e+000 1.300000e+000 3.000000e+000
         vertex 2.500000e+000 3.540000e+001 0.000000e+000
      endloop
   endfacet
   facet normal 1.000000e+000 -1.017433e-016 0.000000e+000
      outer loop
         vertex 2.500000e+000 3.540000e+001 0.000000e+000
         vertex 2.500000e+000 1.300000e+000 3.000000e+000
         vertex 2.500000e+000 1.300000e+000 0.000000e+000
      endloop
   endfacet
   facet normal -1.000000e+000 0.000000e+000 0.000000e+000
      outer loop
         vertex 5.000000e+000 1.300000e+000 3.000000e+000
         vertex 5.000000e+000 2.950000e+001 3.000000e+000
         vertex 5.000000e+000 1.300000e+000 0.000000e+000
      endloop
   endfacet
   facet normal -1.000000e+000 0.000000e+000 0.000000e+000
      outer loop
         vertex 5.000000e+000 1.300000e+000 0.000000e+000
         vertex 5.000000e+000 2.950000e+001 3.000000e+000
         vertex 5.000000e+000 2.950000e+001 0.000000e+000
      endloop
   endfacet
   facet normal 8.941873e-017 1.000000e+000 0.000000e+000
      outer loop
         vertex 5.000000e+000 2.950000e+001 3.000000e+000
         vertex 2.440000e+001 2.950000e+001 3.000000e+000
         vertex 5.000000e+000 2.950000e+001 0.000000e+000
      endloop
   endfacet
   facet normal 8.941873e-017 1.000000e+000 0.000000e+000
      outer loop
         vertex 5.000000e+000 2.950000e+001 0.000000e+000
         vertex 2.440000e+001 2.950000e+001 3.000000e+000
         vertex 2.440000e+001 2.950000e+001 0.000000e+000
      endloop
   endfacet
   facet normal 1.000000e+000 -1.230300e-016 0.000000e+000
      outer loop
         vertex 2.440000e+001 2.950000e+001 3.000000e+000
         vertex 2.440000e+001 1.300000e+000 3.000000e+000
         vertex 2.440000e+001 2.950000e+001 0.000000e+000
      endloop
   endfacet
   facet normal 1.000000e+000 -1.230300e-016 0.000000e+000
      outer loop
         vertex 2.440000e+001 2.950000e+001 0.000000e+000
         vertex 2.440000e+001 1.300000e+000 3.000000e+000
         vertex 2.440000e+001 1.300000e+000 0.000000e+000
      endloop
   endfacet
   facet normal 0.000000e+000 1.000000e+000 0.000000e+000
      outer loop
         vertex 2.820000e+001 3.360000e+001 0.000000e+000
         vertex 2.810000e+001 3.360000e+001 0.000000e+000
         vertex 2.870000e+001 3.360000e+001 9.403632e-001
      endloop
   endfacet
   facet normal 0.000000e+000 1.000000e+000 0.000000e+000
      outer loop
         vertex 2.870000e+001 3.360000e+001 9.403632e-001
         vertex 2.810000e+001 3.360000e+001 0.000000e+000
         vertex 2.810000e+001 3.360000e+001 9.999999e-001
      endloop
   endfacet
   facet normal 0.000000e+000 1.000000e+000 0.000000e+000
      outer loop
         vertex 2.870000e+001 3.360000e+001 9.403632e-001
         vertex 2.810000e+001 3.360000e+001 9.999999e-001
         vertex 2.870000e+001 3.360000e+001 9.999999e-001
      endloop
   endfacet
   facet normal 0.000000e+000 0.000000e+000 1.000000e+000
      outer loop
         vertex 2.870000e+001 4.299999e+000 9.999999e-001
         vertex 2.870000e+001 3.360000e+001 9.999999e-001
         vertex 2.810000e+001 4.299999e+000 9.999999e-001
      endloop
   endfacet
   facet normal 0.000000e+000 0.000000e+000 1.000000e+000
      outer loop
         vertex 2.810000e+001 4.299999e+000 9.999999e-001
         vertex 2.870000e+001 3.360000e+001 9.999999e-001
         vertex 2.810000e+001 3.360000e+001 9.999999e-001
      endloop
   endfacet
   facet normal 0.000000e+000 -1.000000e+000 0.000000e+000
      outer loop
         vertex 2.870000e+001 4.299999e+000 9.999999e-001
         vertex 2.810000e+001 4.299999e+000 9.999999e-001
         vertex 2.870000e+001 4.299999e+000 9.403632e-001
      endloop
   endfacet
   facet normal 0.000000e+000 -1.000000e+000 0.000000e+000
      outer loop
         vertex 2.870000e+001 4.299999e+000 9.403632e-001
         vertex 2.810000e+001 4.299999e+000 9.999999e-001
         vertex 2.810000e+001 4.299999e+000 0.000000e+000
      endloop
   endfacet
   facet normal 0.000000e+000 -1.000000e+000 0.000000e+000
      outer loop
         vertex 2.870000e+001 4.299999e+000 9.403632e-001
         vertex 2.810000e+001 4.299999e+000 0.000000e+000
         vertex 2.820000e+001 4.299999e+000 0.000000e+000
      endloop
   endfacet
   facet normal 1.000000e+000 0.000000e+000 0.000000e+000
      outer loop
         vertex 2.870000e+001 3.360000e+001 9.403632e-001
         vertex 2.870000e+001 3.360000e+001 9.999999e-001
         vertex 2.870000e+001 4.299999e+000 9.403632e-001
      endloop
   endfacet
   facet normal 1.000000e+000 0.000000e+000 0.000000e+000
      outer loop
         vertex 2.870000e+001 4.299999e+000 9.403632e-001
         vertex 2.870000e+001 3.360000e+001 9.999999e-001
         vertex 2.870000e+001 4.299999e+000 9.999999e-001
      endloop
   endfacet
   facet normal 8.829476e-001 0.000000e+000 -4.694716e-001
      outer loop
         vertex 2.820000e+001 3.360000e+001 0.000000e+000
         vertex 2.870000e+001 3.360000e+001 9.403632e-001
         vertex 2.820000e+001 4.299999e+000 0.000000e+000
      endloop
   endfacet
   facet normal 8.829476e-001 0.000000e+000 -4.694716e-001
      outer loop
         vertex 2.820000e+001 4.299999e+000 0.000000e+000
         vertex 2.870000e+001 3.360000e+001 9.403632e-001
         vertex 2.870000e+001 4.299999e+000 9.403632e-001
      endloop
   endfacet
   facet normal 0.000000e+000 -1.000000e+000 0.000000e+000
      outer loop
         vertex 1.200000e+000 4.299999e+000 0.000000e+000
         vertex 1.300000e+000 4.299999e+000 0.000000e+000
         vertex 6.999997e-001 4.299999e+000 9.403632e-001
      endloop
   endfacet
   facet normal 0.000000e+000 -1.000000e+000 0.000000e+000
      outer loop
         vertex 6.999997e-001 4.299999e+000 9.403632e-001
         vertex 1.300000e+000 4.299999e+000 0.000000e+000
         vertex 1.300000e+000 4.299999e+000 9.999999e-001
      endloop
   endfacet
   facet normal 0.000000e+000 -1.000000e+000 0.000000e+000
      outer loop
         vertex 6.999997e-001 4.299999e+000 9.403632e-001
         vertex 1.300000e+000 4.299999e+000 9.999999e-001
         vertex 6.999997e-001 4.299999e+000 9.999999e-001
      endloop
   endfacet
   facet normal 0.000000e+000 0.000000e+000 1.000000e+000
      outer loop
         vertex 6.999997e-001 3.360000e+001 9.999999e-001
         vertex 6.999997e-001 4.299999e+000 9.999999e-001
         vertex 1.300000e+000 3.360000e+001 9.999999e-001
      endloop
   endfacet
   facet normal 0.000000e+000 0.000000e+000 1.000000e+000
      outer loop
         vertex 1.300000e+000 3.360000e+001 9.999999e-001
         vertex 6.999997e-001 4.299999e+000 9.999999e-001
         vertex 1.300000e+000 4.299999e+000 9.999999e-001
      endloop
   endfacet
   facet normal 0.000000e+000 1.000000e+000 0.000000e+000
      outer loop
         vertex 6.999997e-001 3.360000e+001 9.999999e-001
         vertex 1.300000e+000 3.360000e+001 9.999999e-001
         vertex 6.999997e-001 3.360000e+001 9.403632e-001
      endloop
   endfacet
   facet normal 0.000000e+000 1.000000e+000 0.000000e+000
      outer loop
         vertex 6.999997e-001 3.360000e+001 9.403632e-001
         vertex 1.300000e+000 3.360000e+001 9.999999e-001
         vertex 1.300000e+000 3.360000e+001 0.000000e+000
      endloop
   endfacet
   facet normal 0.000000e+000 1.000000e+000 0.000000e+000
      outer loop
         vertex 6.999997e-001 3.360000e+001 9.403632e-001
         vertex 1.300000e+000 3.360000e+001 0.000000e+000
         vertex 1.200000e+000 3.360000e+001 0.000000e+000
      endloop
   endfacet
   facet normal -1.000000e+000 0.000000e+000 0.000000e+000
      outer loop
         vertex 6.999997e-001 4.299999e+000 9.403632e-001
         vertex 6.999997e-001 4.299999e+000 9.999999e-001
         vertex 6.999997e-001 3.360000e+001 9.403632e-001
      endloop
   endfacet
   facet normal -1.000000e+000 0.000000e+000 0.000000e+000
      outer loop
         vertex 6.999997e-001 3.360000e+001 9.403632e-001
         vertex 6.999997e-001 4.299999e+000 9.999999e-001
         vertex 6.999997e-001 3.360000e+001 9.999999e-001
      endloop
   endfacet
   facet normal -8.829476e-001 0.000000e+000 -4.694716e-001
      outer loop
         vertex 1.200000e+000 4.299999e+000 0.000000e+000
         vertex 6.999997e-001 4.299999e+000 9.403632e-001
         vertex 1.200000e+000 3.360000e+001 0.000000e+000
      endloop
   endfacet
   facet normal -8.829476e-001 0.000000e+000 -4.694716e-001
      outer loop
         vertex 1.200000e+000 3.360000e+001 0.000000e+000
         vertex 6.999997e-001 4.299999e+000 9.403632e-001
         vertex 6.999997e-001 3.360000e+001 9.403632e-001
      endloop
   endfacet
endsolid